table_name,column_name,data_type
 accident_2015,state_number,INTEGER
 accident_2015,state_name,STRING
 accident_2015,consecutive_number,INTEGER
 accident_2015,number_of_vehicle_forms_submitted_all,INTEGER
 accident_2015,number_of_motor_vehicles_in_transport_mvit,INTEGER
 accident_2015,number_of_parked_working_vehicles,INTEGER
 accident_2015,number_of_forms_submitted_for_persons_not_in_motor_vehicles,INTEGER
 accident_2015,number_of_forms_submitted_for_persons_in_motor_vehicles,INTEGER
 accident_2015,number_of_persons_in_motor_vehicles_in_transport_mvit,INTEGER
 accident_2015,number_of_persons_not_in_motor_vehicles_in_transport_mvit,INTEGER
 accident_2015,county,INTEGER
 accident_2015,city,INTEGER
 accident_2015,day_of_crash,INTEGER
 accident_2015,day_name,STRING
 accident_2015,month_of_crash,INTEGER
 accident_2015,month_of_crash_name,STRING
 accident_2015,year_of_crash,INTEGER
 accident_2015,day_of_week,INTEGER
 accident_2015,day_of_week_name,STRING
 accident_2015,hour_of_crash,INTEGER
 accident_2015,hour_of_crash_name,STRING
 accident_2015,minute_of_crash,INTEGER
 accident_2015,minute_of_crash_name,STRING
 accident_2015,national_highway_system,INTEGER
 accident_2015,national_highway_system_name,STRING
 accident_2015,route_signing,INTEGER
 accident_2015,route_signing_name,STRING
 accident_2015,trafficway_identifier,STRING
 accident_2015,trafficway_identifier_2,STRING
 accident_2015,land_use,INTEGER
 accident_2015,land_use_name,STRING
 accident_2015,functional_system,INTEGER
 accident_2015,functional_system_name,STRING
 accident_2015,ownership,INTEGER
 accident_2015,ownership_name,STRING
 accident_2015,milepoint,INTEGER
 accident_2015,milepoint_name,STRING
 accident_2015,latitude,FLOAT
 accident_2015,latitude_name,STRING
 accident_2015,longitude,FLOAT
 accident_2015,longitude_name,STRING
 accident_2015,special_jurisdiction,INTEGER
 accident_2015,special_jurisdiction_name,STRING
 accident_2015,first_harmful_event,INTEGER
 accident_2015,first_harmful_event_name,STRING
 accident_2015,manner_of_collision,INTEGER
 accident_2015,manner_of_collision_name,STRING
 accident_2015,relation_to_junction_within_interchange_area,INTEGER
 accident_2015,relation_to_junction_within_interchange_area_name,STRING
 accident_2015,relation_to_junction_specific_location,INTEGER
 accident_2015,relation_to_junction_specific_location_name,STRING
 accident_2015,type_of_intersection,INTEGER
 accident_2015,type_of_intersection_name,STRING
 accident_2015,work_zone,INTEGER
 accident_2015,work_zone_name,STRING
 accident_2015,relation_to_trafficway,INTEGER
 accident_2015,relation_to_trafficway_name,STRING
 accident_2015,light_condition,INTEGER
 accident_2015,light_condition_name,STRING
 accident_2015,atmospheric_conditions_1,INTEGER
 accident_2015,atmospheric_conditions_1_name,STRING
 accident_2015,atmospheric_conditions_2,INTEGER
 accident_2015,atmospheric_conditions_2_name,STRING
 accident_2015,atmospheric_conditions,INTEGER
 accident_2015,atmospheric_conditions_name,STRING
 accident_2015,school_bus_related,INTEGER
 accident_2015,school_bus_related_name,STRING
 accident_2015,rail_grade_crossing_identifier,STRING
 accident_2015,rail_grade_crossing_identifier_name,STRING
 accident_2015,hour_of_notification,INTEGER
 accident_2015,hour_of_notification_name,STRING
 accident_2015,minute_of_notification,INTEGER
 accident_2015,minute_of_notification_name,STRING
 accident_2015,hour_of_arrival_at_scene,INTEGER
 accident_2015,hour_of_arrival_at_scene_name,STRING
 accident_2015,minute_of_arrival_at_scene,INTEGER
 accident_2015,minute_of_arrival_at_scene_name,STRING
 accident_2015,hour_of_ems_arrival_at_hospital,INTEGER
 accident_2015,hour_of_ems_arrival_at_hospital_name,STRING
 accident_2015,minute_of_ems_arrival_at_hospital,INTEGER
 accident_2015,minute_of_ems_arrival_at_hospital_name,STRING
 accident_2015,related_factors_crash_level_1,INTEGER
 accident_2015,related_factors_crash_level_1_name,STRING
 accident_2015,related_factors_crash_level_2,INTEGER
 accident_2015,related_factors_crash_level_2_name,STRING
 accident_2015,related_factors_crash_level_3,INTEGER
 accident_2015,related_factors_crash_level_3_name,STRING
 accident_2015,number_of_fatalities,INTEGER
 accident_2015,number_of_drunk_drivers,INTEGER
 accident_2015,timestamp_of_crash,TIMESTAMP
 accident_2016,state_number,INTEGER
 accident_2016,state_name,STRING
 accident_2016,consecutive_number,INTEGER
 accident_2016,number_of_vehicle_forms_submitted_all,INTEGER
 accident_2016,number_of_motor_vehicles_in_transport_mvit,INTEGER
 accident_2016,number_of_parked_working_vehicles,INTEGER
 accident_2016,number_of_forms_submitted_for_persons_not_in_motor_vehicles,INTEGER
 accident_2016,number_of_forms_submitted_for_persons_in_motor_vehicles,INTEGER
 accident_2016,number_of_persons_in_motor_vehicles_in_transport_mvit,INTEGER
 accident_2016,number_of_persons_not_in_motor_vehicles_in_transport_mvit,INTEGER
 accident_2016,county,INTEGER
 accident_2016,county_name,STRING
 accident_2016,city,INTEGER
 accident_2016,city_name,STRING
 accident_2016,day_of_crash,INTEGER
 accident_2016,day_name,STRING
 accident_2016,month_of_crash,INTEGER
 accident_2016,month_of_crash_name,STRING
 accident_2016,year_of_crash,INTEGER
 accident_2016,day_of_week,INTEGER
 accident_2016,day_of_week_name,STRING
 accident_2016,hour_of_crash,INTEGER
 accident_2016,hour_of_crash_name,STRING
 accident_2016,minute_of_crash,INTEGER
 accident_2016,minute_of_crash_name,STRING
 accident_2016,national_highway_system,INTEGER
 accident_2016,national_highway_system_name,STRING
 accident_2016,route_signing,INTEGER
 accident_2016,route_signing_name,STRING
 accident_2016,trafficway_identifier,STRING
 accident_2016,trafficway_identifier_2,STRING
 accident_2016,land_use,INTEGER
 accident_2016,land_use_name,STRING
 accident_2016,functional_system,INTEGER
 accident_2016,functional_system_name,STRING
 accident_2016,ownership,INTEGER
 accident_2016,ownership_name,STRING
 accident_2016,milepoint,INTEGER
 accident_2016,milepoint_name,STRING
 accident_2016,latitude,FLOAT
 accident_2016,latitude_name,STRING
 accident_2016,longitude,FLOAT
 accident_2016,longitude_name,STRING
 accident_2016,special_jurisdiction,INTEGER
 accident_2016,special_jurisdiction_name,STRING
 accident_2016,first_harmful_event,INTEGER
 accident_2016,first_harmful_event_name,STRING
 accident_2016,manner_of_collision,INTEGER
 accident_2016,manner_of_collision_name,STRING
 accident_2016,relation_to_junction_within_interchange_area,INTEGER
 accident_2016,relation_to_junction_within_interchange_area_name,STRING
 accident_2016,relation_to_junction_specific_location,INTEGER
 accident_2016,relation_to_junction_specific_location_name,STRING
 accident_2016,type_of_intersection,INTEGER
 accident_2016,type_of_intersection_name,STRING
 accident_2016,work_zone,INTEGER
 accident_2016,work_zone_name,STRING
 accident_2016,relation_to_trafficway,INTEGER
 accident_2016,relation_to_trafficway_name,STRING
 accident_2016,light_condition,INTEGER
 accident_2016,light_condition_name,STRING
 accident_2016,atmospheric_conditions_1,INTEGER
 accident_2016,atmospheric_conditions_1_name,STRING
 accident_2016,atmospheric_conditions_2,INTEGER
 accident_2016,atmospheric_conditions_2_name,STRING
 accident_2016,atmospheric_conditions,INTEGER
 accident_2016,atmospheric_conditions_name,STRING
 accident_2016,school_bus_related,INTEGER
 accident_2016,school_bus_related_name,STRING
 accident_2016,rail_grade_crossing_identifier,STRING
 accident_2016,rail_grade_crossing_identifier_name,STRING
 accident_2016,hour_of_notification,INTEGER
 accident_2016,hour_of_notification_name,STRING
 accident_2016,minute_of_notification,INTEGER
 accident_2016,minute_of_notification_name,STRING
 accident_2016,hour_of_arrival_at_scene,INTEGER
 accident_2016,hour_of_arrival_at_scene_name,STRING
 accident_2016,minute_of_arrival_at_scene,INTEGER
 accident_2016,minute_of_arrival_at_scene_name,STRING
 accident_2016,hour_of_ems_arrival_at_hospital,INTEGER
 accident_2016,hour_of_ems_arrival_at_hospital_name,STRING
 accident_2016,minute_of_ems_arrival_at_hospital,INTEGER
 accident_2016,minute_of_ems_arrival_at_hospital_name,STRING
 accident_2016,related_factors_crash_level_1,INTEGER
 accident_2016,related_factors_crash_level_1_name,STRING
 accident_2016,related_factors_crash_level_2,INTEGER
 accident_2016,related_factors_crash_level_2_name,STRING
 accident_2016,related_factors_crash_level_3,INTEGER
 accident_2016,related_factors_crash_level_3_name,STRING
 accident_2016,number_of_fatalities,INTEGER
 accident_2016,number_of_drunk_drivers,INTEGER
 accident_2016,timestamp_of_crash,TIMESTAMP
 accident_2017,state_number,INTEGER
 accident_2017,state_name,STRING
 accident_2017,consecutive_number,INTEGER
 accident_2017,number_of_vehicle_forms_submitted_all,INTEGER
 accident_2017,number_of_motor_vehicles_in_transport_mvit,INTEGER
 accident_2017,number_of_parked_working_vehicles,INTEGER
 accident_2017,number_of_forms_submitted_for_persons_not_in_motor_vehicles,INTEGER
 accident_2017,number_of_forms_submitted_for_persons_in_motor_vehicles,INTEGER
 accident_2017,number_of_persons_in_motor_vehicles_in_transport_mvit,INTEGER
 accident_2017,number_of_persons_not_in_motor_vehicles_in_transport_mvit,INTEGER
 accident_2017,county,INTEGER
 accident_2017,county_name,STRING
 accident_2017,city,INTEGER
 accident_2017,city_name,STRING
 accident_2017,day_of_crash,INTEGER
 accident_2017,day_name,STRING
 accident_2017,month_of_crash,INTEGER
 accident_2017,month_of_crash_name,STRING
 accident_2017,year_of_crash,INTEGER
 accident_2017,day_of_week,INTEGER
 accident_2017,day_of_week_name,STRING
 accident_2017,hour_of_crash,INTEGER
 accident_2017,hour_of_crash_name,STRING
 accident_2017,minute_of_crash,INTEGER
 accident_2017,minute_of_crash_name,STRING
 accident_2017,national_highway_system,INTEGER
 accident_2017,national_highway_system_name,STRING
 accident_2017,route_signing,INTEGER
 accident_2017,route_signing_name,STRING
 accident_2017,trafficway_identifier,STRING
 accident_2017,trafficway_identifier_2,STRING
 accident_2017,land_use,INTEGER
 accident_2017,land_use_name,STRING
 accident_2017,functional_system,INTEGER
 accident_2017,functional_system_name,STRING
 accident_2017,ownership,INTEGER
 accident_2017,ownership_name,STRING
 accident_2017,milepoint,INTEGER
 accident_2017,milepoint_name,STRING
 accident_2017,latitude,FLOAT
 accident_2017,latitude_name,STRING
 accident_2017,longitude,FLOAT
 accident_2017,longitude_name,STRING
 accident_2017,special_jurisdiction,INTEGER
 accident_2017,special_jurisdiction_name,STRING
 accident_2017,first_harmful_event,INTEGER
 accident_2017,first_harmful_event_name,STRING
 accident_2017,manner_of_collision,INTEGER
 accident_2017,manner_of_collision_name,STRING
 accident_2017,relation_to_junction_within_interchange_area,INTEGER
 accident_2017,relation_to_junction_within_interchange_area_name,STRING
 accident_2017,relation_to_junction_specific_location,INTEGER
 accident_2017,relation_to_junction_specific_location_name,STRING
 accident_2017,type_of_intersection,INTEGER
 accident_2017,type_of_intersection_name,STRING
 accident_2017,work_zone,INTEGER
 accident_2017,work_zone_name,STRING
 accident_2017,relation_to_trafficway,INTEGER
 accident_2017,relation_to_trafficway_name,STRING
 accident_2017,light_condition,INTEGER
 accident_2017,light_condition_name,STRING
 accident_2017,atmospheric_conditions_1,INTEGER
 accident_2017,atmospheric_conditions_1_name,STRING
 accident_2017,atmospheric_conditions_2,INTEGER
 accident_2017,atmospheric_conditions_2_name,STRING
 accident_2017,atmospheric_conditions,INTEGER
 accident_2017,atmospheric_conditions_name,STRING
 accident_2017,school_bus_related,INTEGER
 accident_2017,school_bus_related_name,STRING
 accident_2017,rail_grade_crossing_identifier,STRING
 accident_2017,rail_grade_crossing_identifier_name,STRING
 accident_2017,hour_of_notification,INTEGER
 accident_2017,hour_of_notification_name,STRING
 accident_2017,minute_of_notification,INTEGER
 accident_2017,minute_of_notification_name,STRING
 accident_2017,hour_of_arrival_at_scene,INTEGER
 accident_2017,hour_of_arrival_at_scene_name,STRING
 accident_2017,minute_of_arrival_at_scene,INTEGER
 accident_2017,minute_of_arrival_at_scene_name,STRING
 accident_2017,hour_of_ems_arrival_at_hospital,INTEGER
 accident_2017,hour_of_ems_arrival_at_hospital_name,STRING
 accident_2017,minute_of_ems_arrival_at_hospital,INTEGER
 accident_2017,minute_of_ems_arrival_at_hospital_name,STRING
 accident_2017,related_factors_crash_level_1,INTEGER
 accident_2017,related_factors_crash_level_1_name,STRING
 accident_2017,related_factors_crash_level_2,INTEGER
 accident_2017,related_factors_crash_level_2_name,STRING
 accident_2017,related_factors_crash_level_3,INTEGER
 accident_2017,related_factors_crash_level_3_name,STRING
 accident_2017,number_of_fatalities,INTEGER
 accident_2017,number_of_drunk_drivers,INTEGER
 accident_2017,timestamp_of_crash,TIMESTAMP
 accident_2018,state_number,INTEGER
 accident_2018,state_name,STRING
 accident_2018,consecutive_number,INTEGER
 accident_2018,number_of_vehicle_forms_submitted_all,INTEGER
 accident_2018,number_of_motor_vehicles_in_transport_mvit,INTEGER
 accident_2018,number_of_parked_working_vehicles,INTEGER
 accident_2018,number_of_forms_submitted_for_persons_not_in_motor_vehicles,INTEGER
 accident_2018,number_of_forms_submitted_for_persons_in_motor_vehicles,INTEGER
 accident_2018,number_of_persons_in_motor_vehicles_in_transport_mvit,INTEGER
 accident_2018,number_of_persons_not_in_motor_vehicles_in_transport_mvit,INTEGER
 accident_2018,county,INTEGER
 accident_2018,county_name,STRING
 accident_2018,city,INTEGER
 accident_2018,city_name,STRING
 accident_2018,day_of_crash,INTEGER
 accident_2018,day_name,STRING
 accident_2018,month_of_crash,INTEGER
 accident_2018,month_of_crash_name,STRING
 accident_2018,year_of_crash,INTEGER
 accident_2018,day_of_week,INTEGER
 accident_2018,day_of_week_name,STRING
 accident_2018,hour_of_crash,INTEGER
 accident_2018,hour_of_crash_name,STRING
 accident_2018,minute_of_crash,INTEGER
 accident_2018,minute_of_crash_name,STRING
 accident_2018,national_highway_system,INTEGER
 accident_2018,national_highway_system_name,STRING
 accident_2018,route_signing,INTEGER
 accident_2018,route_signing_name,STRING
 accident_2018,trafficway_identifier,STRING
 accident_2018,trafficway_identifier_2,STRING
 accident_2018,land_use,INTEGER
 accident_2018,land_use_name,STRING
 accident_2018,functional_system,INTEGER
 accident_2018,functional_system_name,STRING
 accident_2018,ownership,INTEGER
 accident_2018,ownership_name,STRING
 accident_2018,milepoint,INTEGER
 accident_2018,milepoint_name,STRING
 accident_2018,latitude,FLOAT
 accident_2018,latitude_name,STRING
 accident_2018,longitude,FLOAT
 accident_2018,longitude_name,STRING
 accident_2018,special_jurisdiction,INTEGER
 accident_2018,special_jurisdiction_name,STRING
 accident_2018,first_harmful_event,INTEGER
 accident_2018,first_harmful_event_name,STRING
 accident_2018,manner_of_collision,INTEGER
 accident_2018,manner_of_collision_name,STRING
 accident_2018,relation_to_junction_within_interchange_area,INTEGER
 accident_2018,relation_to_junction_within_interchange_area_name,STRING
 accident_2018,relation_to_junction_specific_location,INTEGER
 accident_2018,relation_to_junction_specific_location_name,STRING
 accident_2018,type_of_intersection,INTEGER
 accident_2018,type_of_intersection_name,STRING
 accident_2018,work_zone,INTEGER
 accident_2018,work_zone_name,STRING
 accident_2018,relation_to_trafficway,INTEGER
 accident_2018,relation_to_trafficway_name,STRING
 accident_2018,light_condition,INTEGER
 accident_2018,light_condition_name,STRING
 accident_2018,atmospheric_conditions_1,INTEGER
 accident_2018,atmospheric_conditions_1_name,STRING
 accident_2018,atmospheric_conditions_2,INTEGER
 accident_2018,atmospheric_conditions_2_name,STRING
 accident_2018,atmospheric_conditions,INTEGER
 accident_2018,atmospheric_conditions_name,STRING
 accident_2018,school_bus_related,INTEGER
 accident_2018,school_bus_related_name,STRING
 accident_2018,rail_grade_crossing_identifier,STRING
 accident_2018,rail_grade_crossing_identifier_name,STRING
 accident_2018,hour_of_notification,INTEGER
 accident_2018,hour_of_notification_name,STRING
 accident_2018,minute_of_notification,INTEGER
 accident_2018,minute_of_notification_name,STRING
 accident_2018,hour_of_arrival_at_scene,INTEGER
 accident_2018,hour_of_arrival_at_scene_name,STRING
 accident_2018,minute_of_arrival_at_scene,INTEGER
 accident_2018,minute_of_arrival_at_scene_name,STRING
 accident_2018,hour_of_ems_arrival_at_hospital,INTEGER
 accident_2018,hour_of_ems_arrival_at_hospital_name,STRING
 accident_2018,minute_of_ems_arrival_at_hospital,INTEGER
 accident_2018,minute_of_ems_arrival_at_hospital_name,STRING
 accident_2018,related_factors_crash_level_1,INTEGER
 accident_2018,related_factors_crash_level_1_name,STRING
 accident_2018,related_factors_crash_level_2,INTEGER
 accident_2018,related_factors_crash_level_2_name,STRING
 accident_2018,related_factors_crash_level_3,INTEGER
 accident_2018,related_factors_crash_level_3_name,STRING
 accident_2018,number_of_fatalities,INTEGER
 accident_2018,number_of_drunk_drivers,INTEGER
 accident_2018,timestamp_of_crash,TIMESTAMP
 accident_2019,state_number,INTEGER
 accident_2019,state_name,STRING
 accident_2019,consecutive_number,INTEGER
 accident_2019,number_of_vehicle_forms_submitted_all,INTEGER
 accident_2019,number_of_motor_vehicles_in_transport_mvit,INTEGER
 accident_2019,number_of_parked_working_vehicles,INTEGER
 accident_2019,number_of_forms_submitted_for_persons_not_in_motor_vehicles,INTEGER
 accident_2019,number_of_forms_submitted_for_persons_in_motor_vehicles,INTEGER
 accident_2019,number_of_persons_in_motor_vehicles_in_transport_mvit,INTEGER
 accident_2019,number_of_persons_not_in_motor_vehicles_in_transport_mvit,INTEGER
 accident_2019,county,INTEGER
 accident_2019,county_name,STRING
 accident_2019,city,INTEGER
 accident_2019,city_name,STRING
 accident_2019,day_of_crash,INTEGER
 accident_2019,day_name,STRING
 accident_2019,month_of_crash,INTEGER
 accident_2019,month_of_crash_name,STRING
 accident_2019,year_of_crash,INTEGER
 accident_2019,day_of_week,INTEGER
 accident_2019,day_of_week_name,STRING
 accident_2019,hour_of_crash,INTEGER
 accident_2019,hour_of_crash_name,STRING
 accident_2019,minute_of_crash,INTEGER
 accident_2019,minute_of_crash_name,STRING
 accident_2019,national_highway_system,INTEGER
 accident_2019,national_highway_system_name,STRING
 accident_2019,route_signing,INTEGER
 accident_2019,route_signing_name,STRING
 accident_2019,trafficway_identifier,STRING
 accident_2019,trafficway_identifier_2,STRING
 accident_2019,land_use,INTEGER
 accident_2019,land_use_name,STRING
 accident_2019,functional_system,INTEGER
 accident_2019,functional_system_name,STRING
 accident_2019,ownership,INTEGER
 accident_2019,ownership_name,STRING
 accident_2019,milepoint,INTEGER
 accident_2019,milepoint_name,STRING
 accident_2019,latitude,FLOAT
 accident_2019,latitude_name,STRING
 accident_2019,longitude,FLOAT
 accident_2019,longitude_name,STRING
 accident_2019,special_jurisdiction,INTEGER
 accident_2019,special_jurisdiction_name,STRING
 accident_2019,first_harmful_event,INTEGER
 accident_2019,first_harmful_event_name,STRING
 accident_2019,manner_of_collision,INTEGER
 accident_2019,manner_of_collision_name,STRING
 accident_2019,relation_to_junction_within_interchange_area,INTEGER
 accident_2019,relation_to_junction_within_interchange_area_name,STRING
 accident_2019,relation_to_junction_specific_location,INTEGER
 accident_2019,relation_to_junction_specific_location_name,STRING
 accident_2019,type_of_intersection,INTEGER
 accident_2019,type_of_intersection_name,STRING
 accident_2019,work_zone,INTEGER
 accident_2019,work_zone_name,STRING
 accident_2019,relation_to_trafficway,INTEGER
 accident_2019,relation_to_trafficway_name,STRING
 accident_2019,light_condition,INTEGER
 accident_2019,light_condition_name,STRING
 accident_2019,atmospheric_conditions_1,INTEGER
 accident_2019,atmospheric_conditions_1_name,STRING
 accident_2019,atmospheric_conditions_2,INTEGER
 accident_2019,atmospheric_conditions_2_name,STRING
 accident_2019,atmospheric_conditions,INTEGER
 accident_2019,atmospheric_conditions_name,STRING
 accident_2019,school_bus_related,INTEGER
 accident_2019,school_bus_related_name,STRING
 accident_2019,rail_grade_crossing_identifier,STRING
 accident_2019,rail_grade_crossing_identifier_name,STRING
 accident_2019,hour_of_notification,INTEGER
 accident_2019,hour_of_notification_name,STRING
 accident_2019,minute_of_notification,INTEGER
 accident_2019,minute_of_notification_name,STRING
 accident_2019,hour_of_arrival_at_scene,INTEGER
 accident_2019,hour_of_arrival_at_scene_name,STRING
 accident_2019,minute_of_arrival_at_scene,INTEGER
 accident_2019,minute_of_arrival_at_scene_name,STRING
 accident_2019,hour_of_ems_arrival_at_hospital,INTEGER
 accident_2019,hour_of_ems_arrival_at_hospital_name,STRING
 accident_2019,minute_of_ems_arrival_at_hospital,INTEGER
 accident_2019,minute_of_ems_arrival_at_hospital_name,STRING
 accident_2019,related_factors_crash_level_1,INTEGER
 accident_2019,related_factors_crash_level_1_name,STRING
 accident_2019,related_factors_crash_level_2,INTEGER
 accident_2019,related_factors_crash_level_2_name,STRING
 accident_2019,related_factors_crash_level_3,INTEGER
 accident_2019,related_factors_crash_level_3_name,STRING
 accident_2019,number_of_fatalities,INTEGER
 accident_2019,number_of_drunk_drivers,INTEGER
 accident_2019,timestamp_of_crash,TIMESTAMP
 accident_2020,state_number,INTEGER
 accident_2020,state_name,STRING
 accident_2020,consecutive_number,INTEGER
 accident_2020,number_of_vehicle_forms_submitted_all,INTEGER
 accident_2020,number_of_motor_vehicles_in_transport_mvit,INTEGER
 accident_2020,number_of_parked_working_vehicles,INTEGER
 accident_2020,number_of_forms_submitted_for_persons_not_in_motor_vehicles,INTEGER
 accident_2020,number_of_forms_submitted_for_persons_in_motor_vehicles,INTEGER
 accident_2020,number_of_persons_in_motor_vehicles_in_transport_mvit,INTEGER
 accident_2020,number_of_persons_not_in_motor_vehicles_in_transport_mvit,INTEGER
 accident_2020,county,INTEGER
 accident_2020,county_name,STRING
 accident_2020,city,INTEGER
 accident_2020,city_name,STRING
 accident_2020,day_of_crash,INTEGER
 accident_2020,day_name,STRING
 accident_2020,month_of_crash,INTEGER
 accident_2020,month_of_crash_name,STRING
 accident_2020,year_of_crash,INTEGER
 accident_2020,day_of_week,INTEGER
 accident_2020,day_of_week_name,STRING
 accident_2020,hour_of_crash,INTEGER
 accident_2020,hour_of_crash_name,STRING
 accident_2020,minute_of_crash,INTEGER
 accident_2020,minute_of_crash_name,STRING
 accident_2020,national_highway_system,INTEGER
 accident_2020,national_highway_system_name,STRING
 accident_2020,route_signing,INTEGER
 accident_2020,route_signing_name,STRING
 accident_2020,trafficway_identifier,STRING
 accident_2020,trafficway_identifier_2,STRING
 accident_2020,land_use,INTEGER
 accident_2020,land_use_name,STRING
 accident_2020,functional_system,INTEGER
 accident_2020,functional_system_name,STRING
 accident_2020,ownership,INTEGER
 accident_2020,ownership_name,STRING
 accident_2020,milepoint,INTEGER
 accident_2020,milepoint_name,STRING
 accident_2020,latitude,FLOAT
 accident_2020,latitude_name,STRING
 accident_2020,longitude,FLOAT
 accident_2020,longitude_name,STRING
 accident_2020,special_jurisdiction,INTEGER
 accident_2020,special_jurisdiction_name,STRING
 accident_2020,first_harmful_event,INTEGER
 accident_2020,first_harmful_event_name,STRING
 accident_2020,manner_of_collision,INTEGER
 accident_2020,manner_of_collision_name,STRING
 accident_2020,relation_to_junction_within_interchange_area,INTEGER
 accident_2020,relation_to_junction_within_interchange_area_name,STRING
 accident_2020,relation_to_junction_specific_location,INTEGER
 accident_2020,relation_to_junction_specific_location_name,STRING
 accident_2020,type_of_intersection,INTEGER
 accident_2020,type_of_intersection_name,STRING
 accident_2020,work_zone,INTEGER
 accident_2020,work_zone_name,STRING
 accident_2020,relation_to_trafficway,INTEGER
 accident_2020,relation_to_trafficway_name,STRING
 accident_2020,light_condition,INTEGER
 accident_2020,light_condition_name,STRING
 accident_2020,atmospheric_conditions_1,INTEGER
 accident_2020,atmospheric_conditions_1_name,STRING
 accident_2020,atmospheric_conditions_2,INTEGER
 accident_2020,atmospheric_conditions_2_name,STRING
 accident_2020,rail_grade_crossing_identifier,STRING
 accident_2020,rail_grade_crossing_identifier_name,STRING
 accident_2020,hour_of_notification,INTEGER
 accident_2020,hour_of_notification_name,STRING
 accident_2020,minute_of_notification,INTEGER
 accident_2020,minute_of_notification_name,STRING
 accident_2020,hour_of_arrival_at_scene,INTEGER
 accident_2020,hour_of_arrival_at_scene_name,STRING
 accident_2020,minute_of_arrival_at_scene,INTEGER
 accident_2020,minute_of_arrival_at_scene_name,STRING
 accident_2020,hour_of_ems_arrival_at_hospital,INTEGER
 accident_2020,hour_of_ems_arrival_at_hospital_name,STRING
 accident_2020,minute_of_ems_arrival_at_hospital,INTEGER
 accident_2020,minute_of_ems_arrival_at_hospital_name,STRING
 accident_2020,number_of_fatalities,INTEGER
 accident_2020,number_of_drunk_drivers,INTEGER
 accident_2020,timestamp_of_crash,TIMESTAMP
 cevent_2015,state_number,INTEGER
 cevent_2015,state_name,STRING
 cevent_2015,consecutive_number,INTEGER
 cevent_2015,event_number,INTEGER
 cevent_2015,vehicle_number_this_vehicle,INTEGER
 cevent_2015,area_of_impact_this_vehicle,INTEGER
 cevent_2015,area_of_impact_this_vehicle_name,STRING
 cevent_2015,sequence_of_events,INTEGER
 cevent_2015,sequence_of_events_name,STRING
 cevent_2015,vehicle_number_other_vehicle,INTEGER
 cevent_2015,vehicle_number_other_vehicle_name,STRING
 cevent_2015,area_of_impact_other_vehicle,STRING
 cevent_2015,area_of_impact_other_vehicle_name,STRING
 cevent_2016,state_number,INTEGER
 cevent_2016,state_name,STRING
 cevent_2016,consecutive_number,INTEGER
 cevent_2016,event_number,INTEGER
 cevent_2016,vehicle_number_this_vehicle,INTEGER
 cevent_2016,area_of_impact_this_vehicle,INTEGER
 cevent_2016,area_of_impact_this_vehicle_name,STRING
 cevent_2016,sequence_of_events,INTEGER
 cevent_2016,sequence_of_events_name,STRING
 cevent_2016,vehicle_number_other_vehicle,INTEGER
 cevent_2016,vehicle_number_other_vehicle_name,STRING
 cevent_2016,area_of_impact_other_vehicle,STRING
 cevent_2016,area_of_impact_other_vehicle_name,STRING
 cevent_2017,state_number,INTEGER
 cevent_2017,state_name,STRING
 cevent_2017,consecutive_number,INTEGER
 cevent_2017,event_number,INTEGER
 cevent_2017,vehicle_number_this_vehicle,INTEGER
 cevent_2017,area_of_impact_this_vehicle,INTEGER
 cevent_2017,area_of_impact_this_vehicle_name,STRING
 cevent_2017,sequence_of_events,INTEGER
 cevent_2017,sequence_of_events_name,STRING
 cevent_2017,vehicle_number_other_vehicle,INTEGER
 cevent_2017,vehicle_number_other_vehicle_name,STRING
 cevent_2017,area_of_impact_other_vehicle,STRING
 cevent_2017,area_of_impact_other_vehicle_name,STRING
 cevent_2018,state_number,INTEGER
 cevent_2018,state_name,STRING
 cevent_2018,consecutive_number,INTEGER
 cevent_2018,event_number,INTEGER
 cevent_2018,vehicle_number_this_vehicle,INTEGER
 cevent_2018,area_of_impact_this_vehicle,INTEGER
 cevent_2018,area_of_impact_this_vehicle_name,STRING
 cevent_2018,sequence_of_events,INTEGER
 cevent_2018,sequence_of_events_name,STRING
 cevent_2018,vehicle_number_other_vehicle,INTEGER
 cevent_2018,vehicle_number_other_vehicle_name,STRING
 cevent_2018,area_of_impact_other_vehicle,STRING
 cevent_2018,area_of_impact_other_vehicle_name,STRING
 cevent_2019,state_number,INTEGER
 cevent_2019,state_name,STRING
 cevent_2019,consecutive_number,INTEGER
 cevent_2019,event_number,INTEGER
 cevent_2019,vehicle_number_this_vehicle,INTEGER
 cevent_2019,area_of_impact_this_vehicle,INTEGER
 cevent_2019,area_of_impact_this_vehicle_name,STRING
 cevent_2019,sequence_of_events,INTEGER
 cevent_2019,sequence_of_events_name,STRING
 cevent_2019,vehicle_number_other_vehicle,INTEGER
 cevent_2019,vehicle_number_other_vehicle_name,STRING
 cevent_2019,area_of_impact_other_vehicle,STRING
 cevent_2019,area_of_impact_other_vehicle_name,STRING
 cevent_2020,state_number,INTEGER
 cevent_2020,state_name,STRING
 cevent_2020,consecutive_number,INTEGER
 cevent_2020,event_number,INTEGER
 cevent_2020,vehicle_number_this_vehicle,INTEGER
 cevent_2020,area_of_impact_this_vehicle,INTEGER
 cevent_2020,area_of_impact_this_vehicle_name,STRING
 cevent_2020,sequence_of_events,INTEGER
 cevent_2020,sequence_of_events_name,STRING
 cevent_2020,vehicle_number_other_vehicle,INTEGER
 cevent_2020,vehicle_number_other_vehicle_name,STRING
 cevent_2020,area_of_impact_other_vehicle,STRING
 cevent_2020,area_of_impact_other_vehicle_name,STRING
 damage_2015,state_number,INTEGER
 damage_2015,state_name,STRING
 damage_2015,consecutive_number,INTEGER
 damage_2015,vehicle_number,INTEGER
 damage_2015,damaged_areas,INTEGER
 damage_2015,damaged_areas_name,STRING
 damage_2016,state_number,INTEGER
 damage_2016,state_name,STRING
 damage_2016,consecutive_number,INTEGER
 damage_2016,vehicle_number,INTEGER
 damage_2016,damaged_areas,INTEGER
 damage_2016,damaged_areas_name,STRING
 damage_2017,state_number,INTEGER
 damage_2017,state_name,STRING
 damage_2017,consecutive_number,INTEGER
 damage_2017,vehicle_number,INTEGER
 damage_2017,damaged_areas,INTEGER
 damage_2017,damaged_areas_name,STRING
 damage_2018,state_number,INTEGER
 damage_2018,state_name,STRING
 damage_2018,consecutive_number,INTEGER
 damage_2018,vehicle_number,INTEGER
 damage_2018,damaged_areas,INTEGER
 damage_2018,damaged_areas_name,STRING
 damage_2019,state_number,INTEGER
 damage_2019,state_name,STRING
 damage_2019,consecutive_number,INTEGER
 damage_2019,vehicle_number,INTEGER
 damage_2019,damaged_areas,INTEGER
 damage_2019,damaged_areas_name,STRING
 damage_2020,state_number,INTEGER
 damage_2020,state_name,STRING
 damage_2020,consecutive_number,INTEGER
 damage_2020,vehicle_number,INTEGER
 damage_2020,damaged_areas,INTEGER
 damage_2020,damaged_areas_name,STRING
 distract_2015,state_number,INTEGER
 distract_2015,state_name,STRING
 distract_2015,consecutive_number,INTEGER
 distract_2015,vehicle_number,INTEGER
 distract_2015,driver_distracted_by,INTEGER
 distract_2015,driver_distracted_by_name,STRING
 distract_2016,state_number,INTEGER
 distract_2016,state_name,STRING
 distract_2016,consecutive_number,INTEGER
 distract_2016,vehicle_number,INTEGER
 distract_2016,driver_distracted_by,INTEGER
 distract_2016,driver_distracted_by_name,STRING
 distract_2017,state_number,INTEGER
 distract_2017,state_name,STRING
 distract_2017,consecutive_number,INTEGER
 distract_2017,vehicle_number,INTEGER
 distract_2017,driver_distracted_by,INTEGER
 distract_2017,driver_distracted_by_name,STRING
 distract_2018,state_number,INTEGER
 distract_2018,state_name,STRING
 distract_2018,consecutive_number,INTEGER
 distract_2018,vehicle_number,INTEGER
 distract_2018,driver_distracted_by,INTEGER
 distract_2018,driver_distracted_by_name,STRING
 distract_2019,state_number,INTEGER
 distract_2019,state_name,STRING
 distract_2019,consecutive_number,INTEGER
 distract_2019,vehicle_number,INTEGER
 distract_2019,driver_distracted_by,INTEGER
 distract_2019,driver_distracted_by_name,STRING
 distract_2020,state_number,INTEGER
 distract_2020,state_name,STRING
 distract_2020,consecutive_number,INTEGER
 distract_2020,vehicle_number,INTEGER
 distract_2020,driver_distracted_by,INTEGER
 distract_2020,driver_distracted_by_name,STRING
 drimpair_2015,state_number,INTEGER
 drimpair_2015,state_name,STRING
 drimpair_2015,consecutive_number,INTEGER
 drimpair_2015,vehicle_number,INTEGER
 drimpair_2015,condition_impairment_at_time_of_crash_driver,INTEGER
 drimpair_2015,condition_impairment_at_time_of_crash_driver_name,STRING
 drimpair_2016,state_number,INTEGER
 drimpair_2016,state_name,STRING
 drimpair_2016,consecutive_number,INTEGER
 drimpair_2016,vehicle_number,INTEGER
 drimpair_2016,condition_impairment_at_time_of_crash_driver,INTEGER
 drimpair_2016,condition_impairment_at_time_of_crash_driver_name,STRING
 drimpair_2017,state_number,INTEGER
 drimpair_2017,state_name,STRING
 drimpair_2017,consecutive_number,INTEGER
 drimpair_2017,vehicle_number,INTEGER
 drimpair_2017,condition_impairment_at_time_of_crash_driver,INTEGER
 drimpair_2017,condition_impairment_at_time_of_crash_driver_name,STRING
 drimpair_2018,state_number,INTEGER
 drimpair_2018,state_name,STRING
 drimpair_2018,consecutive_number,INTEGER
 drimpair_2018,vehicle_number,INTEGER
 drimpair_2018,condition_impairment_at_time_of_crash_driver,INTEGER
 drimpair_2018,condition_impairment_at_time_of_crash_driver_name,STRING
 drimpair_2019,state_number,INTEGER
 drimpair_2019,state_name,STRING
 drimpair_2019,consecutive_number,INTEGER
 drimpair_2019,vehicle_number,INTEGER
 drimpair_2019,condition_impairment_at_time_of_crash_driver,INTEGER
 drimpair_2019,condition_impairment_at_time_of_crash_driver_name,STRING
 drimpair_2020,state_number,INTEGER
 drimpair_2020,state_name,STRING
 drimpair_2020,consecutive_number,INTEGER
 drimpair_2020,vehicle_number,INTEGER
 drimpair_2020,condition_impairment_at_time_of_crash_driver,INTEGER
 drimpair_2020,condition_impairment_at_time_of_crash_driver_name,STRING
 factor_2015,state_number,INTEGER
 factor_2015,state_name,STRING
 factor_2015,consecutive_number,INTEGER
 factor_2015,vehicle_number,INTEGER
 factor_2015,contributing_circumstances_motor_vehicle,INTEGER
 factor_2015,contributing_circumstances_motor_vehicle_name,STRING
 factor_2016,state_number,INTEGER
 factor_2016,state_name,STRING
 factor_2016,consecutive_number,INTEGER
 factor_2016,vehicle_number,INTEGER
 factor_2016,contributing_circumstances_motor_vehicle,INTEGER
 factor_2016,contributing_circumstances_motor_vehicle_name,STRING
 factor_2017,state_number,INTEGER
 factor_2017,state_name,STRING
 factor_2017,consecutive_number,INTEGER
 factor_2017,vehicle_number,INTEGER
 factor_2017,contributing_circumstances_motor_vehicle,INTEGER
 factor_2017,contributing_circumstances_motor_vehicle_name,STRING
 factor_2018,state_number,INTEGER
 factor_2018,state_name,STRING
 factor_2018,consecutive_number,INTEGER
 factor_2018,vehicle_number,INTEGER
 factor_2018,contributing_circumstances_motor_vehicle,INTEGER
 factor_2018,contributing_circumstances_motor_vehicle_name,STRING
 factor_2019,state_number,INTEGER
 factor_2019,state_name,STRING
 factor_2019,consecutive_number,INTEGER
 factor_2019,vehicle_number,INTEGER
 factor_2019,contributing_circumstances_motor_vehicle,INTEGER
 factor_2019,contributing_circumstances_motor_vehicle_name,STRING
 factor_2020,state_number,INTEGER
 factor_2020,state_name,STRING
 factor_2020,consecutive_number,INTEGER
 factor_2020,vehicle_number,INTEGER
 factor_2020,contributing_circumstances_motor_vehicle,INTEGER
 factor_2020,contributing_circumstances_motor_vehicle_name,STRING
 maneuver_2015,state_number,INTEGER
 maneuver_2015,state_name,STRING
 maneuver_2015,consecutive_number,INTEGER
 maneuver_2015,vehicle_number,INTEGER
 maneuver_2015,driver_maneuvered_to_avoid,INTEGER
 maneuver_2015,driver_maneuvered_to_avoid_name,STRING
 maneuver_2016,state_number,INTEGER
 maneuver_2016,state_name,STRING
 maneuver_2016,consecutive_number,INTEGER
 maneuver_2016,vehicle_number,INTEGER
 maneuver_2016,driver_maneuvered_to_avoid,INTEGER
 maneuver_2016,driver_maneuvered_to_avoid_name,STRING
 maneuver_2017,state_number,INTEGER
 maneuver_2017,state_name,STRING
 maneuver_2017,consecutive_number,INTEGER
 maneuver_2017,vehicle_number,INTEGER
 maneuver_2017,driver_maneuvered_to_avoid,INTEGER
 maneuver_2017,driver_maneuvered_to_avoid_name,STRING
 maneuver_2018,state_number,INTEGER
 maneuver_2018,state_name,STRING
 maneuver_2018,consecutive_number,INTEGER
 maneuver_2018,vehicle_number,INTEGER
 maneuver_2018,driver_maneuvered_to_avoid,INTEGER
 maneuver_2018,driver_maneuvered_to_avoid_name,STRING
 maneuver_2019,state_number,INTEGER
 maneuver_2019,state_name,STRING
 maneuver_2019,consecutive_number,INTEGER
 maneuver_2019,vehicle_number,INTEGER
 maneuver_2019,driver_maneuvered_to_avoid,INTEGER
 maneuver_2019,driver_maneuvered_to_avoid_name,STRING
 maneuver_2020,state_number,INTEGER
 maneuver_2020,state_name,STRING
 maneuver_2020,consecutive_number,INTEGER
 maneuver_2020,vehicle_number,INTEGER
 maneuver_2020,driver_maneuvered_to_avoid,INTEGER
 maneuver_2020,driver_maneuvered_to_avoid_name,STRING
 nmcrash_2015,state_number,INTEGER
 nmcrash_2015,state_name,STRING
 nmcrash_2015,consecutive_number,INTEGER
 nmcrash_2015,vehicle_number,INTEGER
 nmcrash_2015,person_number,INTEGER
 nmcrash_2015,non_motorist_contributing_circumstances,INTEGER
 nmcrash_2015,non_motorist_contributing_circumstances_name,STRING
 nmcrash_2016,state_number,INTEGER
 nmcrash_2016,state_name,STRING
 nmcrash_2016,consecutive_number,INTEGER
 nmcrash_2016,vehicle_number,INTEGER
 nmcrash_2016,person_number,INTEGER
 nmcrash_2016,non_motorist_contributing_circumstances,INTEGER
 nmcrash_2016,non_motorist_contributing_circumstances_name,STRING
 nmcrash_2017,state_number,INTEGER
 nmcrash_2017,state_name,STRING
 nmcrash_2017,consecutive_number,INTEGER
 nmcrash_2017,vehicle_number,INTEGER
 nmcrash_2017,person_number,INTEGER
 nmcrash_2017,non_motorist_contributing_circumstances,INTEGER
 nmcrash_2017,non_motorist_contributing_circumstances_name,STRING
 nmcrash_2018,state_number,INTEGER
 nmcrash_2018,state_name,STRING
 nmcrash_2018,consecutive_number,INTEGER
 nmcrash_2018,vehicle_number,INTEGER
 nmcrash_2018,person_number,INTEGER
 nmcrash_2018,non_motorist_contributing_circumstances,INTEGER
 nmcrash_2018,non_motorist_contributing_circumstances_name,STRING
 nmcrash_2019,state_number,INTEGER
 nmcrash_2019,state_name,STRING
 nmcrash_2019,consecutive_number,INTEGER
 nmcrash_2019,vehicle_number,INTEGER
 nmcrash_2019,person_number,INTEGER
 nmcrash_2019,non_motorist_contributing_circumstances,INTEGER
 nmcrash_2019,non_motorist_contributing_circumstances_name,STRING
 nmcrash_2020,state_number,INTEGER
 nmcrash_2020,state_name,STRING
 nmcrash_2020,consecutive_number,INTEGER
 nmcrash_2020,vehicle_number,INTEGER
 nmcrash_2020,person_number,INTEGER
 nmcrash_2020,non_motorist_contributing_circumstances,INTEGER
 nmcrash_2020,non_motorist_contributing_circumstances_name,STRING
 nmimpair_2015,state_number,INTEGER
 nmimpair_2015,state_name,STRING
 nmimpair_2015,consecutive_number,INTEGER
 nmimpair_2015,vehicle_number,INTEGER
 nmimpair_2015,person_number,INTEGER
 nmimpair_2015,condition_impairment_at_time_of_crash_non_motorist,INTEGER
 nmimpair_2015,condition_impairment_at_time_of_crash_non_motorist_name,STRING
 nmimpair_2016,state_number,INTEGER
 nmimpair_2016,state_name,STRING
 nmimpair_2016,consecutive_number,INTEGER
 nmimpair_2016,vehicle_number,INTEGER
 nmimpair_2016,person_number,INTEGER
 nmimpair_2016,condition_impairment_at_time_of_crash_non_motorist,INTEGER
 nmimpair_2016,condition_impairment_at_time_of_crash_non_motorist_name,STRING
 nmimpair_2017,state_number,INTEGER
 nmimpair_2017,state_name,STRING
 nmimpair_2017,consecutive_number,INTEGER
 nmimpair_2017,vehicle_number,INTEGER
 nmimpair_2017,person_number,INTEGER
 nmimpair_2017,condition_impairment_at_time_of_crash_non_motorist,INTEGER
 nmimpair_2017,condition_impairment_at_time_of_crash_non_motorist_name,STRING
 nmimpair_2018,state_number,INTEGER
 nmimpair_2018,state_name,STRING
 nmimpair_2018,consecutive_number,INTEGER
 nmimpair_2018,vehicle_number,INTEGER
 nmimpair_2018,person_number,INTEGER
 nmimpair_2018,condition_impairment_at_time_of_crash_non_motorist,INTEGER
 nmimpair_2018,condition_impairment_at_time_of_crash_non_motorist_name,STRING
 nmimpair_2019,state_number,INTEGER
 nmimpair_2019,state_name,STRING
 nmimpair_2019,consecutive_number,INTEGER
 nmimpair_2019,vehicle_number,INTEGER
 nmimpair_2019,person_number,INTEGER
 nmimpair_2019,condition_impairment_at_time_of_crash_non_motorist,INTEGER
 nmimpair_2019,condition_impairment_at_time_of_crash_non_motorist_name,STRING
 nmimpair_2020,state_number,INTEGER
 nmimpair_2020,state_name,STRING
 nmimpair_2020,consecutive_number,INTEGER
 nmimpair_2020,vehicle_number,INTEGER
 nmimpair_2020,person_number,INTEGER
 nmimpair_2020,condition_impairment_at_time_of_crash_non_motorist,INTEGER
 nmimpair_2020,condition_impairment_at_time_of_crash_non_motorist_name,STRING
 nmprior_2015,state_number,INTEGER
 nmprior_2015,state_name,STRING
 nmprior_2015,consecutive_number,INTEGER
 nmprior_2015,vehicle_number,INTEGER
 nmprior_2015,person_number,INTEGER
 nmprior_2015,non_motorist_action_circumstances,INTEGER
 nmprior_2015,non_motorist_action_circumstances_name,STRING
 nmprior_2016,state_number,INTEGER
 nmprior_2016,state_name,STRING
 nmprior_2016,consecutive_number,INTEGER
 nmprior_2016,vehicle_number,INTEGER
 nmprior_2016,person_number,INTEGER
 nmprior_2016,non_motorist_action_circumstances,INTEGER
 nmprior_2016,non_motorist_action_circumstances_name,STRING
 nmprior_2017,state_number,INTEGER
 nmprior_2017,state_name,STRING
 nmprior_2017,consecutive_number,INTEGER
 nmprior_2017,vehicle_number,INTEGER
 nmprior_2017,person_number,INTEGER
 nmprior_2017,non_motorist_action_circumstances,INTEGER
 nmprior_2017,non_motorist_action_circumstances_name,STRING
 nmprior_2018,state_number,INTEGER
 nmprior_2018,state_name,STRING
 nmprior_2018,consecutive_number,INTEGER
 nmprior_2018,vehicle_number,INTEGER
 nmprior_2018,person_number,INTEGER
 nmprior_2018,non_motorist_action_circumstances,INTEGER
 nmprior_2018,non_motorist_action_circumstances_name,STRING
 nmprior_2019,state_number,INTEGER
 nmprior_2019,state_name,STRING
 nmprior_2019,consecutive_number,INTEGER
 nmprior_2019,vehicle_number,INTEGER
 nmprior_2019,person_number,INTEGER
 nmprior_2019,non_motorist_action_circumstances,INTEGER
 nmprior_2019,non_motorist_action_circumstances_name,STRING
 nmprior_2020,state_number,INTEGER
 nmprior_2020,state_name,STRING
 nmprior_2020,consecutive_number,INTEGER
 nmprior_2020,vehicle_number,INTEGER
 nmprior_2020,person_number,INTEGER
 nmprior_2020,non_motorist_action_circumstances,INTEGER
 nmprior_2020,non_motorist_action_circumstances_name,STRING
 parkwork_2015,state_number,INTEGER
 parkwork_2015,state_name,STRING
 parkwork_2015,consecutive_number,INTEGER
 parkwork_2015,vehicle_number,INTEGER
 parkwork_2015,number_of_motor_vehicles_in_transport_mvit,INTEGER
 parkwork_2015,number_of_occupants,INTEGER
 parkwork_2015,number_of_occupants_name,STRING
 parkwork_2015,day_of_crash,INTEGER
 parkwork_2015,day_of_crash_name,STRING
 parkwork_2015,month_of_crash,INTEGER
 parkwork_2015,month_of_crash_name,STRING
 parkwork_2015,hour_of_crash,INTEGER
 parkwork_2015,hour_of_crash_name,STRING
 parkwork_2015,minute_of_crash,INTEGER
 parkwork_2015,minute_of_crash_name,STRING
 parkwork_2015,first_harmful_event,INTEGER
 parkwork_2015,first_harmful_event_name,STRING
 parkwork_2015,manner_of_collision,INTEGER
 parkwork_2015,manner_of_collision_name,STRING
 parkwork_2015,unit_type,INTEGER
 parkwork_2015,unit_type_name,STRING
 parkwork_2015,hit_and_run,INTEGER
 parkwork_2015,hit_and_run_name,STRING
 parkwork_2015,registration_state,INTEGER
 parkwork_2015,registration_state_name,STRING
 parkwork_2015,registered_vehicle_owner,INTEGER
 parkwork_2015,registered_vehicle_owner_name,STRING
 parkwork_2015,vehicle_make,INTEGER
 parkwork_2015,vehicle_make_name,STRING
 parkwork_2015,vehicle_model,INTEGER
 parkwork_2015,make_model_combined,STRING
 parkwork_2015,body_type,INTEGER
 parkwork_2015,body_type_name,STRING
 parkwork_2015,vehicle_model_year,INTEGER
 parkwork_2015,vehicle_model_year_name,STRING
 parkwork_2015,vehicle_identification_number_vin,STRING
 parkwork_2015,vehicle_identification_number_vin_name,STRING
 parkwork_2015,vin_character_1,STRING
 parkwork_2015,vin_character_2,STRING
 parkwork_2015,vin_character_3,STRING
 parkwork_2015,vin_character_4,STRING
 parkwork_2015,vin_character_5,STRING
 parkwork_2015,vin_character_6,STRING
 parkwork_2015,vin_character_7,STRING
 parkwork_2015,vin_character_8,STRING
 parkwork_2015,vin_character_9,STRING
 parkwork_2015,vin_character_10,STRING
 parkwork_2015,vin_character_11,STRING
 parkwork_2015,vin_character_12,STRING
 parkwork_2015,vehicle_trailing,INTEGER
 parkwork_2015,vehicle_trailing_name,STRING
 parkwork_2015,mcid_issuing_authority,INTEGER
 parkwork_2015,mcid_issuing_authority_name,STRING
 parkwork_2015,mcid_identification_number,STRING
 parkwork_2015,mcid_identification_number_name,STRING
 parkwork_2015,motor_carrier_identification_number,STRING
 parkwork_2015,motor_carrier_identification_number_name,STRING
 parkwork_2015,gross_vehicle_weight_rating,INTEGER
 parkwork_2015,gross_vehicle_weight_rating_name,STRING
 parkwork_2015,vehicle_configuration,INTEGER
 parkwork_2015,vehicle_configuration_name,STRING
 parkwork_2015,cargo_body_type,INTEGER
 parkwork_2015,cargo_body_type_name,STRING
 parkwork_2015,hazardous_material_involvement,INTEGER
 parkwork_2015,hazardous_material_involvement_name,STRING
 parkwork_2015,hazardous_material_placard,INTEGER
 parkwork_2015,hazardous_material_placard_name,STRING
 parkwork_2015,hazardous_material_identification_number,INTEGER
 parkwork_2015,hazardous_material_identification_number_name,STRING
 parkwork_2015,hazardous_material_class_number,INTEGER
 parkwork_2015,hazardous_material_class_number_name,STRING
 parkwork_2015,release_of_hazardous_material_from_the_cargo_compartment,INTEGER
 parkwork_2015,release_of_hazardous_material_from_the_cargo_compartment_name,STRING
 parkwork_2015,bus_use,INTEGER
 parkwork_2015,bus_use_name,STRING
 parkwork_2015,special_use,INTEGER
 parkwork_2015,special_use_name,STRING
 parkwork_2015,emergency_motor_vehicle_use,INTEGER
 parkwork_2015,emergency_motor_vehicle_use_name,STRING
 parkwork_2015,underride_override,INTEGER
 parkwork_2015,underride_override_name,STRING
 parkwork_2015,initial_contact_point,INTEGER
 parkwork_2015,initial_contact_point_name,STRING
 parkwork_2015,extent_of_damage,INTEGER
 parkwork_2015,extent_of_damage_name,STRING
 parkwork_2015,vehicle_removal,INTEGER
 parkwork_2015,vehicle_removal_name,STRING
 parkwork_2015,most_harmful_event,INTEGER
 parkwork_2015,most_harmful_event_name,STRING
 parkwork_2015,related_factors_vehicle_level1,INTEGER
 parkwork_2015,related_factors_vehicle_level1_name,STRING
 parkwork_2015,related_factors_vehicle_level2,INTEGER
 parkwork_2015,related_factors_vehicle_level2_name,STRING
 parkwork_2015,fire_occurrence,INTEGER
 parkwork_2015,fire_occurrence_name,STRING
 parkwork_2015,fatalities_in_vehicle,INTEGER
 parkwork_2016,state_number,INTEGER
 parkwork_2016,state_name,STRING
 parkwork_2016,consecutive_number,INTEGER
 parkwork_2016,vehicle_number,INTEGER
 parkwork_2016,number_of_motor_vehicles_in_transport_mvit,INTEGER
 parkwork_2016,number_of_occupants,INTEGER
 parkwork_2016,number_of_occupants_name,STRING
 parkwork_2016,day_of_crash,INTEGER
 parkwork_2016,day_of_crash_name,STRING
 parkwork_2016,month_of_crash,INTEGER
 parkwork_2016,month_of_crash_name,STRING
 parkwork_2016,hour_of_crash,INTEGER
 parkwork_2016,hour_of_crash_name,STRING
 parkwork_2016,minute_of_crash,INTEGER
 parkwork_2016,minute_of_crash_name,STRING
 parkwork_2016,first_harmful_event,INTEGER
 parkwork_2016,first_harmful_event_name,STRING
 parkwork_2016,manner_of_collision,INTEGER
 parkwork_2016,manner_of_collision_name,STRING
 parkwork_2016,unit_type,INTEGER
 parkwork_2016,unit_type_name,STRING
 parkwork_2016,hit_and_run,INTEGER
 parkwork_2016,hit_and_run_name,STRING
 parkwork_2016,registration_state,INTEGER
 parkwork_2016,registration_state_name,STRING
 parkwork_2016,registered_vehicle_owner,INTEGER
 parkwork_2016,registered_vehicle_owner_name,STRING
 parkwork_2016,vehicle_make,INTEGER
 parkwork_2016,vehicle_make_name,STRING
 parkwork_2016,vehicle_model,INTEGER
 parkwork_2016,make_model_combined,STRING
 parkwork_2016,body_type,INTEGER
 parkwork_2016,body_type_name,STRING
 parkwork_2016,vehicle_model_year,INTEGER
 parkwork_2016,vehicle_model_year_name,STRING
 parkwork_2016,vehicle_identification_number_vin,STRING
 parkwork_2016,vehicle_identification_number_vin_name,STRING
 parkwork_2016,vin_character_1,STRING
 parkwork_2016,vin_character_2,STRING
 parkwork_2016,vin_character_3,STRING
 parkwork_2016,vin_character_4,STRING
 parkwork_2016,vin_character_5,STRING
 parkwork_2016,vin_character_6,STRING
 parkwork_2016,vin_character_7,STRING
 parkwork_2016,vin_character_8,STRING
 parkwork_2016,vin_character_9,STRING
 parkwork_2016,vin_character_10,STRING
 parkwork_2016,vin_character_11,STRING
 parkwork_2016,vin_character_12,STRING
 parkwork_2016,vehicle_trailing,INTEGER
 parkwork_2016,vehicle_trailing_name,STRING
 parkwork_2016,mcid_issuing_authority,INTEGER
 parkwork_2016,mcid_issuing_authority_name,STRING
 parkwork_2016,mcid_identification_number,STRING
 parkwork_2016,mcid_identification_number_name,STRING
 parkwork_2016,motor_carrier_identification_number,STRING
 parkwork_2016,motor_carrier_identification_number_name,STRING
 parkwork_2016,gross_vehicle_weight_rating,INTEGER
 parkwork_2016,gross_vehicle_weight_rating_name,STRING
 parkwork_2016,vehicle_configuration,INTEGER
 parkwork_2016,vehicle_configuration_name,STRING
 parkwork_2016,cargo_body_type,INTEGER
 parkwork_2016,cargo_body_type_name,STRING
 parkwork_2016,hazardous_material_involvement,INTEGER
 parkwork_2016,hazardous_material_involvement_name,STRING
 parkwork_2016,hazardous_material_placard,INTEGER
 parkwork_2016,hazardous_material_placard_name,STRING
 parkwork_2016,hazardous_material_identification_number,INTEGER
 parkwork_2016,hazardous_material_identification_number_name,STRING
 parkwork_2016,hazardous_material_class_number,INTEGER
 parkwork_2016,hazardous_material_class_number_name,STRING
 parkwork_2016,release_of_hazardous_material_from_the_cargo_compartment,INTEGER
 parkwork_2016,release_of_hazardous_material_from_the_cargo_compartment_name,STRING
 parkwork_2016,bus_use,INTEGER
 parkwork_2016,bus_use_name,STRING
 parkwork_2016,special_use,INTEGER
 parkwork_2016,special_use_name,STRING
 parkwork_2016,emergency_motor_vehicle_use,INTEGER
 parkwork_2016,emergency_motor_vehicle_use_name,STRING
 parkwork_2016,underride_override,INTEGER
 parkwork_2016,underride_override_name,STRING
 parkwork_2016,initial_contact_point,INTEGER
 parkwork_2016,initial_contact_point_name,STRING
 parkwork_2016,extent_of_damage,INTEGER
 parkwork_2016,extent_of_damage_name,STRING
 parkwork_2016,vehicle_removal,INTEGER
 parkwork_2016,vehicle_removal_name,STRING
 parkwork_2016,most_harmful_event,INTEGER
 parkwork_2016,most_harmful_event_name,STRING
 parkwork_2016,related_factors_vehicle_level1,INTEGER
 parkwork_2016,related_factors_vehicle_level1_name,STRING
 parkwork_2016,related_factors_vehicle_level2,INTEGER
 parkwork_2016,related_factors_vehicle_level2_name,STRING
 parkwork_2016,fire_occurrence,INTEGER
 parkwork_2016,fire_occurrence_name,STRING
 parkwork_2016,fatalities_in_vehicle,INTEGER
 parkwork_2016,ptrlr1vin,STRING
 parkwork_2016,ptrlr1vinname,STRING
 parkwork_2016,ptrlr2vin,STRING
 parkwork_2016,ptrlr2vinname,STRING
 parkwork_2016,ptrlr3vin,STRING
 parkwork_2016,ptrlr3vinname,STRING
 parkwork_2017,state_number,INTEGER
 parkwork_2017,state_name,STRING
 parkwork_2017,consecutive_number,INTEGER
 parkwork_2017,vehicle_number,INTEGER
 parkwork_2017,number_of_motor_vehicles_in_transport_mvit,INTEGER
 parkwork_2017,number_of_occupants,INTEGER
 parkwork_2017,number_of_occupants_name,STRING
 parkwork_2017,day_of_crash,INTEGER
 parkwork_2017,day_of_crash_name,STRING
 parkwork_2017,month_of_crash,INTEGER
 parkwork_2017,month_of_crash_name,STRING
 parkwork_2017,hour_of_crash,INTEGER
 parkwork_2017,hour_of_crash_name,STRING
 parkwork_2017,minute_of_crash,INTEGER
 parkwork_2017,minute_of_crash_name,STRING
 parkwork_2017,first_harmful_event,INTEGER
 parkwork_2017,first_harmful_event_name,STRING
 parkwork_2017,manner_of_collision,INTEGER
 parkwork_2017,manner_of_collision_name,STRING
 parkwork_2017,unit_type,INTEGER
 parkwork_2017,unit_type_name,STRING
 parkwork_2017,hit_and_run,INTEGER
 parkwork_2017,hit_and_run_name,STRING
 parkwork_2017,registration_state,INTEGER
 parkwork_2017,registration_state_name,STRING
 parkwork_2017,registered_vehicle_owner,INTEGER
 parkwork_2017,registered_vehicle_owner_name,STRING
 parkwork_2017,vehicle_make,INTEGER
 parkwork_2017,vehicle_make_name,STRING
 parkwork_2017,vehicle_model,INTEGER
 parkwork_2017,make_model_combined,STRING
 parkwork_2017,body_type,INTEGER
 parkwork_2017,body_type_name,STRING
 parkwork_2017,vehicle_model_year,INTEGER
 parkwork_2017,vehicle_model_year_name,STRING
 parkwork_2017,vehicle_identification_number_vin,STRING
 parkwork_2017,vehicle_identification_number_vin_name,STRING
 parkwork_2017,vin_character_1,STRING
 parkwork_2017,vin_character_2,STRING
 parkwork_2017,vin_character_3,STRING
 parkwork_2017,vin_character_4,STRING
 parkwork_2017,vin_character_5,STRING
 parkwork_2017,vin_character_6,STRING
 parkwork_2017,vin_character_7,STRING
 parkwork_2017,vin_character_8,STRING
 parkwork_2017,vin_character_9,STRING
 parkwork_2017,vin_character_10,STRING
 parkwork_2017,vin_character_11,STRING
 parkwork_2017,vin_character_12,STRING
 parkwork_2017,vehicle_trailing,INTEGER
 parkwork_2017,vehicle_trailing_name,STRING
 parkwork_2017,mcid_issuing_authority,INTEGER
 parkwork_2017,mcid_issuing_authority_name,STRING
 parkwork_2017,mcid_identification_number,STRING
 parkwork_2017,mcid_identification_number_name,STRING
 parkwork_2017,motor_carrier_identification_number,STRING
 parkwork_2017,motor_carrier_identification_number_name,STRING
 parkwork_2017,gross_vehicle_weight_rating,INTEGER
 parkwork_2017,gross_vehicle_weight_rating_name,STRING
 parkwork_2017,vehicle_configuration,INTEGER
 parkwork_2017,vehicle_configuration_name,STRING
 parkwork_2017,cargo_body_type,INTEGER
 parkwork_2017,cargo_body_type_name,STRING
 parkwork_2017,hazardous_material_involvement,INTEGER
 parkwork_2017,hazardous_material_involvement_name,STRING
 parkwork_2017,hazardous_material_placard,INTEGER
 parkwork_2017,hazardous_material_placard_name,STRING
 parkwork_2017,hazardous_material_identification_number,INTEGER
 parkwork_2017,hazardous_material_identification_number_name,STRING
 parkwork_2017,hazardous_material_class_number,INTEGER
 parkwork_2017,hazardous_material_class_number_name,STRING
 parkwork_2017,release_of_hazardous_material_from_the_cargo_compartment,INTEGER
 parkwork_2017,release_of_hazardous_material_from_the_cargo_compartment_name,STRING
 parkwork_2017,bus_use,INTEGER
 parkwork_2017,bus_use_name,STRING
 parkwork_2017,special_use,INTEGER
 parkwork_2017,special_use_name,STRING
 parkwork_2017,emergency_motor_vehicle_use,INTEGER
 parkwork_2017,emergency_motor_vehicle_use_name,STRING
 parkwork_2017,underride_override,INTEGER
 parkwork_2017,underride_override_name,STRING
 parkwork_2017,initial_contact_point,INTEGER
 parkwork_2017,initial_contact_point_name,STRING
 parkwork_2017,extent_of_damage,INTEGER
 parkwork_2017,extent_of_damage_name,STRING
 parkwork_2017,vehicle_removal,INTEGER
 parkwork_2017,vehicle_removal_name,STRING
 parkwork_2017,most_harmful_event,INTEGER
 parkwork_2017,most_harmful_event_name,STRING
 parkwork_2017,related_factors_vehicle_level1,INTEGER
 parkwork_2017,related_factors_vehicle_level1_name,STRING
 parkwork_2017,related_factors_vehicle_level2,INTEGER
 parkwork_2017,related_factors_vehicle_level2_name,STRING
 parkwork_2017,fire_occurrence,INTEGER
 parkwork_2017,fire_occurrence_name,STRING
 parkwork_2017,fatalities_in_vehicle,INTEGER
 parkwork_2017,ptrlr1vin,STRING
 parkwork_2017,ptrlr1vinname,STRING
 parkwork_2017,ptrlr2vin,STRING
 parkwork_2017,ptrlr2vinname,STRING
 parkwork_2017,ptrlr3vin,STRING
 parkwork_2017,ptrlr3vinname,STRING
 parkwork_2018,state_number,INTEGER
 parkwork_2018,state_name,STRING
 parkwork_2018,consecutive_number,INTEGER
 parkwork_2018,vehicle_number,INTEGER
 parkwork_2018,number_of_motor_vehicles_in_transport_mvit,INTEGER
 parkwork_2018,number_of_occupants,INTEGER
 parkwork_2018,number_of_occupants_name,STRING
 parkwork_2018,day_of_crash,INTEGER
 parkwork_2018,day_of_crash_name,STRING
 parkwork_2018,month_of_crash,INTEGER
 parkwork_2018,month_of_crash_name,STRING
 parkwork_2018,hour_of_crash,INTEGER
 parkwork_2018,hour_of_crash_name,STRING
 parkwork_2018,minute_of_crash,INTEGER
 parkwork_2018,minute_of_crash_name,STRING
 parkwork_2018,first_harmful_event,INTEGER
 parkwork_2018,first_harmful_event_name,STRING
 parkwork_2018,manner_of_collision,INTEGER
 parkwork_2018,manner_of_collision_name,STRING
 parkwork_2018,unit_type,INTEGER
 parkwork_2018,unit_type_name,STRING
 parkwork_2018,hit_and_run,INTEGER
 parkwork_2018,hit_and_run_name,STRING
 parkwork_2018,registration_state,INTEGER
 parkwork_2018,registration_state_name,STRING
 parkwork_2018,registered_vehicle_owner,INTEGER
 parkwork_2018,registered_vehicle_owner_name,STRING
 parkwork_2018,vehicle_make,INTEGER
 parkwork_2018,vehicle_make_name,STRING
 parkwork_2018,vehicle_model,INTEGER
 parkwork_2018,make_model_combined,STRING
 parkwork_2018,make_model_combined_name,STRING
 parkwork_2018,body_type,INTEGER
 parkwork_2018,body_type_name,STRING
 parkwork_2018,vehicle_model_year,INTEGER
 parkwork_2018,vehicle_model_year_name,STRING
 parkwork_2018,vehicle_identification_number_vin,STRING
 parkwork_2018,vehicle_identification_number_vin_name,STRING
 parkwork_2018,vin_character_1,STRING
 parkwork_2018,vin_character_2,STRING
 parkwork_2018,vin_character_3,STRING
 parkwork_2018,vin_character_4,STRING
 parkwork_2018,vin_character_5,STRING
 parkwork_2018,vin_character_6,STRING
 parkwork_2018,vin_character_7,STRING
 parkwork_2018,vin_character_8,STRING
 parkwork_2018,vin_character_9,STRING
 parkwork_2018,vin_character_10,STRING
 parkwork_2018,vin_character_11,STRING
 parkwork_2018,vin_character_12,STRING
 parkwork_2018,vehicle_trailing,INTEGER
 parkwork_2018,vehicle_trailing_name,STRING
 parkwork_2018,mcid_issuing_authority,INTEGER
 parkwork_2018,mcid_issuing_authority_name,STRING
 parkwork_2018,mcid_identification_number,STRING
 parkwork_2018,mcid_identification_number_name,STRING
 parkwork_2018,motor_carrier_identification_number,STRING
 parkwork_2018,motor_carrier_identification_number_name,STRING
 parkwork_2018,gross_vehicle_weight_rating,INTEGER
 parkwork_2018,gross_vehicle_weight_rating_name,STRING
 parkwork_2018,vehicle_configuration,INTEGER
 parkwork_2018,vehicle_configuration_name,STRING
 parkwork_2018,cargo_body_type,INTEGER
 parkwork_2018,cargo_body_type_name,STRING
 parkwork_2018,hazardous_material_involvement,INTEGER
 parkwork_2018,hazardous_material_involvement_name,STRING
 parkwork_2018,hazardous_material_placard,INTEGER
 parkwork_2018,hazardous_material_placard_name,STRING
 parkwork_2018,hazardous_material_identification_number,INTEGER
 parkwork_2018,hazardous_material_identification_number_name,STRING
 parkwork_2018,hazardous_material_class_number,INTEGER
 parkwork_2018,hazardous_material_class_number_name,STRING
 parkwork_2018,release_of_hazardous_material_from_the_cargo_compartment,INTEGER
 parkwork_2018,release_of_hazardous_material_from_the_cargo_compartment_name,STRING
 parkwork_2018,bus_use,INTEGER
 parkwork_2018,bus_use_name,STRING
 parkwork_2018,special_use,INTEGER
 parkwork_2018,special_use_name,STRING
 parkwork_2018,emergency_motor_vehicle_use,INTEGER
 parkwork_2018,emergency_motor_vehicle_use_name,STRING
 parkwork_2018,underride_override,INTEGER
 parkwork_2018,underride_override_name,STRING
 parkwork_2018,initial_contact_point,INTEGER
 parkwork_2018,initial_contact_point_name,STRING
 parkwork_2018,extent_of_damage,INTEGER
 parkwork_2018,extent_of_damage_name,STRING
 parkwork_2018,vehicle_removal,INTEGER
 parkwork_2018,vehicle_removal_name,STRING
 parkwork_2018,most_harmful_event,INTEGER
 parkwork_2018,most_harmful_event_name,STRING
 parkwork_2018,related_factors_vehicle_level1,INTEGER
 parkwork_2018,related_factors_vehicle_level1_name,STRING
 parkwork_2018,related_factors_vehicle_level2,INTEGER
 parkwork_2018,related_factors_vehicle_level2_name,STRING
 parkwork_2018,fire_occurrence,INTEGER
 parkwork_2018,fire_occurrence_name,STRING
 parkwork_2018,fatalities_in_vehicle,INTEGER
 parkwork_2018,ptrlr1vin,STRING
 parkwork_2018,ptrlr1vinname,STRING
 parkwork_2018,ptrlr2vin,STRING
 parkwork_2018,ptrlr2vinname,STRING
 parkwork_2018,ptrlr3vin,STRING
 parkwork_2018,ptrlr3vinname,STRING
 parkwork_2019,state_number,INTEGER
 parkwork_2019,state_name,STRING
 parkwork_2019,consecutive_number,INTEGER
 parkwork_2019,vehicle_number,INTEGER
 parkwork_2019,number_of_motor_vehicles_in_transport_mvit,INTEGER
 parkwork_2019,number_of_occupants,INTEGER
 parkwork_2019,number_of_occupants_name,STRING
 parkwork_2019,day_of_crash,INTEGER
 parkwork_2019,day_of_crash_name,STRING
 parkwork_2019,month_of_crash,INTEGER
 parkwork_2019,month_of_crash_name,STRING
 parkwork_2019,hour_of_crash,INTEGER
 parkwork_2019,hour_of_crash_name,STRING
 parkwork_2019,minute_of_crash,INTEGER
 parkwork_2019,minute_of_crash_name,STRING
 parkwork_2019,first_harmful_event,INTEGER
 parkwork_2019,first_harmful_event_name,STRING
 parkwork_2019,manner_of_collision,INTEGER
 parkwork_2019,manner_of_collision_name,STRING
 parkwork_2019,unit_type,INTEGER
 parkwork_2019,unit_type_name,STRING
 parkwork_2019,hit_and_run,INTEGER
 parkwork_2019,hit_and_run_name,STRING
 parkwork_2019,registration_state,INTEGER
 parkwork_2019,registration_state_name,STRING
 parkwork_2019,registered_vehicle_owner,INTEGER
 parkwork_2019,registered_vehicle_owner_name,STRING
 parkwork_2019,vehicle_make,INTEGER
 parkwork_2019,vehicle_make_name,STRING
 parkwork_2019,vehicle_model,INTEGER
 parkwork_2019,make_model_combined,STRING
 parkwork_2019,body_type,INTEGER
 parkwork_2019,body_type_name,STRING
 parkwork_2019,vehicle_model_year,INTEGER
 parkwork_2019,vehicle_model_year_name,STRING
 parkwork_2019,vehicle_identification_number_vin,STRING
 parkwork_2019,vehicle_identification_number_vin_name,STRING
 parkwork_2019,vin_character_1,STRING
 parkwork_2019,vin_character_2,STRING
 parkwork_2019,vin_character_3,STRING
 parkwork_2019,vin_character_4,STRING
 parkwork_2019,vin_character_5,STRING
 parkwork_2019,vin_character_6,STRING
 parkwork_2019,vin_character_7,STRING
 parkwork_2019,vin_character_8,STRING
 parkwork_2019,vin_character_9,STRING
 parkwork_2019,vin_character_10,STRING
 parkwork_2019,vin_character_11,STRING
 parkwork_2019,vin_character_12,STRING
 parkwork_2019,vehicle_trailing,INTEGER
 parkwork_2019,vehicle_trailing_name,STRING
 parkwork_2019,mcid_issuing_authority,INTEGER
 parkwork_2019,mcid_issuing_authority_name,STRING
 parkwork_2019,mcid_identification_number,STRING
 parkwork_2019,mcid_identification_number_name,STRING
 parkwork_2019,motor_carrier_identification_number,STRING
 parkwork_2019,motor_carrier_identification_number_name,STRING
 parkwork_2019,gross_vehicle_weight_rating,INTEGER
 parkwork_2019,gross_vehicle_weight_rating_name,STRING
 parkwork_2019,vehicle_configuration,INTEGER
 parkwork_2019,vehicle_configuration_name,STRING
 parkwork_2019,cargo_body_type,INTEGER
 parkwork_2019,cargo_body_type_name,STRING
 parkwork_2019,hazardous_material_involvement,INTEGER
 parkwork_2019,hazardous_material_involvement_name,STRING
 parkwork_2019,hazardous_material_placard,INTEGER
 parkwork_2019,hazardous_material_placard_name,STRING
 parkwork_2019,hazardous_material_identification_number,INTEGER
 parkwork_2019,hazardous_material_identification_number_name,STRING
 parkwork_2019,hazardous_material_class_number,INTEGER
 parkwork_2019,hazardous_material_class_number_name,STRING
 parkwork_2019,release_of_hazardous_material_from_the_cargo_compartment,INTEGER
 parkwork_2019,release_of_hazardous_material_from_the_cargo_compartment_name,STRING
 parkwork_2019,bus_use,INTEGER
 parkwork_2019,bus_use_name,STRING
 parkwork_2019,special_use,INTEGER
 parkwork_2019,special_use_name,STRING
 parkwork_2019,emergency_motor_vehicle_use,INTEGER
 parkwork_2019,emergency_motor_vehicle_use_name,STRING
 parkwork_2019,underride_override,INTEGER
 parkwork_2019,underride_override_name,STRING
 parkwork_2019,initial_contact_point,INTEGER
 parkwork_2019,initial_contact_point_name,STRING
 parkwork_2019,extent_of_damage,INTEGER
 parkwork_2019,extent_of_damage_name,STRING
 parkwork_2019,vehicle_removal,INTEGER
 parkwork_2019,vehicle_removal_name,STRING
 parkwork_2019,most_harmful_event,INTEGER
 parkwork_2019,most_harmful_event_name,STRING
 parkwork_2019,related_factors_vehicle_level1,INTEGER
 parkwork_2019,related_factors_vehicle_level1_name,STRING
 parkwork_2019,related_factors_vehicle_level2,INTEGER
 parkwork_2019,related_factors_vehicle_level2_name,STRING
 parkwork_2019,fire_occurrence,INTEGER
 parkwork_2019,fire_occurrence_name,STRING
 parkwork_2019,fatalities_in_vehicle,INTEGER
 parkwork_2019,ptrlr1vin,STRING
 parkwork_2019,ptrlr1vinname,STRING
 parkwork_2019,ptrlr2vin,STRING
 parkwork_2019,ptrlr2vinname,STRING
 parkwork_2019,ptrlr3vin,STRING
 parkwork_2019,ptrlr3vinname,STRING
 parkwork_2020,state_number,INTEGER
 parkwork_2020,state_name,STRING
 parkwork_2020,consecutive_number,INTEGER
 parkwork_2020,vehicle_number,INTEGER
 parkwork_2020,number_of_motor_vehicles_in_transport_mvit,INTEGER
 parkwork_2020,number_of_occupants,INTEGER
 parkwork_2020,number_of_occupants_name,STRING
 parkwork_2020,day_of_crash,INTEGER
 parkwork_2020,day_of_crash_name,STRING
 parkwork_2020,month_of_crash,INTEGER
 parkwork_2020,month_of_crash_name,STRING
 parkwork_2020,hour_of_crash,INTEGER
 parkwork_2020,hour_of_crash_name,STRING
 parkwork_2020,minute_of_crash,INTEGER
 parkwork_2020,minute_of_crash_name,STRING
 parkwork_2020,first_harmful_event,INTEGER
 parkwork_2020,first_harmful_event_name,STRING
 parkwork_2020,manner_of_collision,INTEGER
 parkwork_2020,manner_of_collision_name,STRING
 parkwork_2020,unit_type,INTEGER
 parkwork_2020,unit_type_name,STRING
 parkwork_2020,hit_and_run,INTEGER
 parkwork_2020,hit_and_run_name,STRING
 parkwork_2020,registration_state,INTEGER
 parkwork_2020,registration_state_name,STRING
 parkwork_2020,registered_vehicle_owner,INTEGER
 parkwork_2020,registered_vehicle_owner_name,STRING
 parkwork_2020,vehicle_make,INTEGER
 parkwork_2020,vehicle_make_name,STRING
 parkwork_2020,vehicle_model,INTEGER
 parkwork_2020,make_model_combined,STRING
 parkwork_2020,body_type,INTEGER
 parkwork_2020,body_type_name,STRING
 parkwork_2020,vehicle_model_year,INTEGER
 parkwork_2020,vehicle_model_year_name,STRING
 parkwork_2020,vehicle_identification_number_vin,STRING
 parkwork_2020,vehicle_identification_number_vin_name,STRING
 parkwork_2020,vin_character_1,STRING
 parkwork_2020,vin_character_2,STRING
 parkwork_2020,vin_character_3,STRING
 parkwork_2020,vin_character_4,STRING
 parkwork_2020,vin_character_5,STRING
 parkwork_2020,vin_character_6,STRING
 parkwork_2020,vin_character_7,STRING
 parkwork_2020,vin_character_8,STRING
 parkwork_2020,vin_character_9,STRING
 parkwork_2020,vin_character_10,STRING
 parkwork_2020,vin_character_11,STRING
 parkwork_2020,vin_character_12,STRING
 parkwork_2020,vehicle_trailing,INTEGER
 parkwork_2020,vehicle_trailing_name,STRING
 parkwork_2020,mcid_issuing_authority,INTEGER
 parkwork_2020,mcid_issuing_authority_name,STRING
 parkwork_2020,mcid_identification_number,STRING
 parkwork_2020,mcid_identification_number_name,STRING
 parkwork_2020,motor_carrier_identification_number,STRING
 parkwork_2020,motor_carrier_identification_number_name,STRING
 parkwork_2020,vehicle_configuration,INTEGER
 parkwork_2020,vehicle_configuration_name,STRING
 parkwork_2020,cargo_body_type,INTEGER
 parkwork_2020,cargo_body_type_name,STRING
 parkwork_2020,hazardous_material_involvement,INTEGER
 parkwork_2020,hazardous_material_involvement_name,STRING
 parkwork_2020,hazardous_material_placard,INTEGER
 parkwork_2020,hazardous_material_placard_name,STRING
 parkwork_2020,hazardous_material_identification_number,INTEGER
 parkwork_2020,hazardous_material_identification_number_name,STRING
 parkwork_2020,hazardous_material_class_number,INTEGER
 parkwork_2020,hazardous_material_class_number_name,STRING
 parkwork_2020,release_of_hazardous_material_from_the_cargo_compartment,INTEGER
 parkwork_2020,release_of_hazardous_material_from_the_cargo_compartment_name,STRING
 parkwork_2020,bus_use,INTEGER
 parkwork_2020,bus_use_name,STRING
 parkwork_2020,special_use,INTEGER
 parkwork_2020,special_use_name,STRING
 parkwork_2020,emergency_motor_vehicle_use,INTEGER
 parkwork_2020,emergency_motor_vehicle_use_name,STRING
 parkwork_2020,underride_override,INTEGER
 parkwork_2020,underride_override_name,STRING
 parkwork_2020,initial_contact_point,INTEGER
 parkwork_2020,initial_contact_point_name,STRING
 parkwork_2020,extent_of_damage,INTEGER
 parkwork_2020,extent_of_damage_name,STRING
 parkwork_2020,vehicle_removal,INTEGER
 parkwork_2020,vehicle_removal_name,STRING
 parkwork_2020,most_harmful_event,INTEGER
 parkwork_2020,most_harmful_event_name,STRING
 parkwork_2020,fire_occurrence,INTEGER
 parkwork_2020,fire_occurrence_name,STRING
 parkwork_2020,fatalities_in_vehicle,INTEGER
 parkwork_2020,ptrlr1vin,STRING
 parkwork_2020,ptrlr1vinname,STRING
 parkwork_2020,ptrlr2vin,STRING
 parkwork_2020,ptrlr2vinname,STRING
 parkwork_2020,ptrlr3vin,STRING
 parkwork_2020,ptrlr3vinname,STRING
 parkwork_2020,pvpicmake,STRING
 parkwork_2020,pvpicmakename,STRING
 parkwork_2020,pvpicmodel,STRING
 parkwork_2020,pvpicmodelname,STRING
 parkwork_2020,pvpicbodyclass,STRING
 parkwork_2020,pvpicbodyclassname,STRING
 parkwork_2020,picfinalbody,STRING
 parkwork_2020,picfinalbodyname,STRING
 parkwork_2020,pgvwr_from,STRING
 parkwork_2020,pgvwr_fromname,STRING
 parkwork_2020,pgvwr_to,STRING
 parkwork_2020,pgvwr_toname,STRING
 parkwork_2020,ptrlr1gvwr,STRING
 parkwork_2020,ptrlr1gvwrname,STRING
 parkwork_2020,ptrlr2gvwr,STRING
 parkwork_2020,ptrlr2gvwrname,STRING
 parkwork_2020,ptrlr3gvwr,STRING
 parkwork_2020,ptrlr3gvwrname,STRING
 pbtype_2015,state_number,INTEGER
 pbtype_2015,state_name,STRING
 pbtype_2015,consecutive_number,INTEGER
 pbtype_2015,vehicle_number,INTEGER
 pbtype_2015,person_number,INTEGER
 pbtype_2015,person_type,INTEGER
 pbtype_2015,person_type_name,STRING
 pbtype_2015,age,INTEGER
 pbtype_2015,age_name,STRING
 pbtype_2015,sex,STRING
 pbtype_2015,sex_name,STRING
 pbtype_2015,marked_crosswalk_present,STRING
 pbtype_2015,marked_crosswalk_present_name,STRING
 pbtype_2015,sidewalk_present,STRING
 pbtype_2015,sidewalk_present_name,STRING
 pbtype_2015,school_zone,STRING
 pbtype_2015,school_zone_name,STRING
 pbtype_2015,crash_type_pedestrian,INTEGER
 pbtype_2015,crash_type_pedestrian_name,STRING
 pbtype_2015,crash_type_bicycle,INTEGER
 pbtype_2015,crash_type_bicycle_name,STRING
 pbtype_2015,crash_location_pedestrian,STRING
 pbtype_2015,crash_location_pedestrian_name,STRING
 pbtype_2015,crash_location_bicycle,STRING
 pbtype_2015,crash_location_bicycle_name,STRING
 pbtype_2015,pedestrian_position,STRING
 pbtype_2015,pedestrian_position_name,STRING
 pbtype_2015,bicyclist_position,STRING
 pbtype_2015,bicyclist_position_name,STRING
 pbtype_2015,pedestrian_initial_direction_of_travel,STRING
 pbtype_2015,pedestrian_initial_direction_of_travel_name,STRING
 pbtype_2015,bicyclist_initial_direction_of_travel,STRING
 pbtype_2015,bicyclist_initial_direction_of_travel_name,STRING
 pbtype_2015,motorist_initial_direction_of_travel,STRING
 pbtype_2015,motorist_initial_direction_of_travel_name,STRING
 pbtype_2015,motorist_maneuver,STRING
 pbtype_2015,motorist_maneuver_name,STRING
 pbtype_2015,intersection_leg,STRING
 pbtype_2015,intersection_leg_name,STRING
 pbtype_2015,pedestrian_scenario,STRING
 pbtype_2015,pedestrian_scenario_name,STRING
 pbtype_2015,crash_group_pedestrian,INTEGER
 pbtype_2015,crash_group_pedestrian_name,STRING
 pbtype_2015,crash_group_bicycle,INTEGER
 pbtype_2015,crash_group_bicycle_name,STRING
 pbtype_2016,state_number,INTEGER
 pbtype_2016,state_name,STRING
 pbtype_2016,consecutive_number,INTEGER
 pbtype_2016,vehicle_number,INTEGER
 pbtype_2016,person_number,INTEGER
 pbtype_2016,person_type,INTEGER
 pbtype_2016,person_type_name,STRING
 pbtype_2016,age,INTEGER
 pbtype_2016,age_name,STRING
 pbtype_2016,sex,STRING
 pbtype_2016,sex_name,STRING
 pbtype_2016,marked_crosswalk_present,STRING
 pbtype_2016,marked_crosswalk_present_name,STRING
 pbtype_2016,sidewalk_present,STRING
 pbtype_2016,sidewalk_present_name,STRING
 pbtype_2016,school_zone,STRING
 pbtype_2016,school_zone_name,STRING
 pbtype_2016,crash_type_pedestrian,INTEGER
 pbtype_2016,crash_type_pedestrian_name,STRING
 pbtype_2016,crash_type_bicycle,INTEGER
 pbtype_2016,crash_type_bicycle_name,STRING
 pbtype_2016,crash_location_pedestrian,STRING
 pbtype_2016,crash_location_pedestrian_name,STRING
 pbtype_2016,crash_location_bicycle,STRING
 pbtype_2016,crash_location_bicycle_name,STRING
 pbtype_2016,pedestrian_position,STRING
 pbtype_2016,pedestrian_position_name,STRING
 pbtype_2016,bicyclist_position,STRING
 pbtype_2016,bicyclist_position_name,STRING
 pbtype_2016,pedestrian_initial_direction_of_travel,STRING
 pbtype_2016,pedestrian_initial_direction_of_travel_name,STRING
 pbtype_2016,bicyclist_initial_direction_of_travel,STRING
 pbtype_2016,bicyclist_initial_direction_of_travel_name,STRING
 pbtype_2016,motorist_initial_direction_of_travel,STRING
 pbtype_2016,motorist_initial_direction_of_travel_name,STRING
 pbtype_2016,motorist_maneuver,STRING
 pbtype_2016,motorist_maneuver_name,STRING
 pbtype_2016,intersection_leg,STRING
 pbtype_2016,intersection_leg_name,STRING
 pbtype_2016,pedestrian_scenario,STRING
 pbtype_2016,pedestrian_scenario_name,STRING
 pbtype_2016,crash_group_pedestrian,INTEGER
 pbtype_2016,crash_group_pedestrian_name,STRING
 pbtype_2016,crash_group_bicycle,INTEGER
 pbtype_2016,crash_group_bicycle_name,STRING
 pbtype_2017,state_number,INTEGER
 pbtype_2017,state_name,STRING
 pbtype_2017,consecutive_number,INTEGER
 pbtype_2017,vehicle_number,INTEGER
 pbtype_2017,person_number,INTEGER
 pbtype_2017,person_type,INTEGER
 pbtype_2017,person_type_name,STRING
 pbtype_2017,age,INTEGER
 pbtype_2017,age_name,STRING
 pbtype_2017,sex,STRING
 pbtype_2017,sex_name,STRING
 pbtype_2017,marked_crosswalk_present,STRING
 pbtype_2017,marked_crosswalk_present_name,STRING
 pbtype_2017,sidewalk_present,STRING
 pbtype_2017,sidewalk_present_name,STRING
 pbtype_2017,school_zone,STRING
 pbtype_2017,school_zone_name,STRING
 pbtype_2017,crash_type_pedestrian,INTEGER
 pbtype_2017,crash_type_pedestrian_name,STRING
 pbtype_2017,crash_type_bicycle,INTEGER
 pbtype_2017,crash_type_bicycle_name,STRING
 pbtype_2017,crash_location_pedestrian,STRING
 pbtype_2017,crash_location_pedestrian_name,STRING
 pbtype_2017,crash_location_bicycle,STRING
 pbtype_2017,crash_location_bicycle_name,STRING
 pbtype_2017,pedestrian_position,STRING
 pbtype_2017,pedestrian_position_name,STRING
 pbtype_2017,bicyclist_position,STRING
 pbtype_2017,bicyclist_position_name,STRING
 pbtype_2017,pedestrian_initial_direction_of_travel,STRING
 pbtype_2017,pedestrian_initial_direction_of_travel_name,STRING
 pbtype_2017,bicyclist_initial_direction_of_travel,STRING
 pbtype_2017,bicyclist_initial_direction_of_travel_name,STRING
 pbtype_2017,motorist_initial_direction_of_travel,STRING
 pbtype_2017,motorist_initial_direction_of_travel_name,STRING
 pbtype_2017,motorist_maneuver,STRING
 pbtype_2017,motorist_maneuver_name,STRING
 pbtype_2017,intersection_leg,STRING
 pbtype_2017,intersection_leg_name,STRING
 pbtype_2017,pedestrian_scenario,STRING
 pbtype_2017,pedestrian_scenario_name,STRING
 pbtype_2017,crash_group_pedestrian,INTEGER
 pbtype_2017,crash_group_pedestrian_name,STRING
 pbtype_2017,crash_group_bicycle,INTEGER
 pbtype_2017,crash_group_bicycle_name,STRING
 pbtype_2018,state_number,INTEGER
 pbtype_2018,state_name,STRING
 pbtype_2018,consecutive_number,INTEGER
 pbtype_2018,vehicle_number,INTEGER
 pbtype_2018,person_number,INTEGER
 pbtype_2018,person_type,INTEGER
 pbtype_2018,person_type_name,STRING
 pbtype_2018,age,INTEGER
 pbtype_2018,age_name,STRING
 pbtype_2018,sex,STRING
 pbtype_2018,sex_name,STRING
 pbtype_2018,marked_crosswalk_present,STRING
 pbtype_2018,marked_crosswalk_present_name,STRING
 pbtype_2018,sidewalk_present,STRING
 pbtype_2018,sidewalk_present_name,STRING
 pbtype_2018,school_zone,STRING
 pbtype_2018,school_zone_name,STRING
 pbtype_2018,crash_type_pedestrian,INTEGER
 pbtype_2018,crash_type_pedestrian_name,STRING
 pbtype_2018,crash_type_bicycle,INTEGER
 pbtype_2018,crash_type_bicycle_name,STRING
 pbtype_2018,crash_location_pedestrian,STRING
 pbtype_2018,crash_location_pedestrian_name,STRING
 pbtype_2018,crash_location_bicycle,STRING
 pbtype_2018,crash_location_bicycle_name,STRING
 pbtype_2018,pedestrian_position,STRING
 pbtype_2018,pedestrian_position_name,STRING
 pbtype_2018,bicyclist_position,STRING
 pbtype_2018,bicyclist_position_name,STRING
 pbtype_2018,pedestrian_initial_direction_of_travel,STRING
 pbtype_2018,pedestrian_initial_direction_of_travel_name,STRING
 pbtype_2018,bicyclist_initial_direction_of_travel,STRING
 pbtype_2018,bicyclist_initial_direction_of_travel_name,STRING
 pbtype_2018,motorist_initial_direction_of_travel,STRING
 pbtype_2018,motorist_initial_direction_of_travel_name,STRING
 pbtype_2018,motorist_maneuver,STRING
 pbtype_2018,motorist_maneuver_name,STRING
 pbtype_2018,intersection_leg,STRING
 pbtype_2018,intersection_leg_name,STRING
 pbtype_2018,pedestrian_scenario,STRING
 pbtype_2018,pedestrian_scenario_name,STRING
 pbtype_2018,crash_group_pedestrian,INTEGER
 pbtype_2018,crash_group_pedestrian_name,STRING
 pbtype_2018,crash_group_bicycle,INTEGER
 pbtype_2018,crash_group_bicycle_name,STRING
 pbtype_2019,state_number,INTEGER
 pbtype_2019,state_name,STRING
 pbtype_2019,consecutive_number,INTEGER
 pbtype_2019,vehicle_number,INTEGER
 pbtype_2019,person_number,INTEGER
 pbtype_2019,person_type,INTEGER
 pbtype_2019,person_type_name,STRING
 pbtype_2019,age,INTEGER
 pbtype_2019,age_name,STRING
 pbtype_2019,sex,STRING
 pbtype_2019,sex_name,STRING
 pbtype_2019,marked_crosswalk_present,STRING
 pbtype_2019,marked_crosswalk_present_name,STRING
 pbtype_2019,sidewalk_present,STRING
 pbtype_2019,sidewalk_present_name,STRING
 pbtype_2019,school_zone,STRING
 pbtype_2019,school_zone_name,STRING
 pbtype_2019,crash_type_pedestrian,INTEGER
 pbtype_2019,crash_type_pedestrian_name,STRING
 pbtype_2019,crash_type_bicycle,INTEGER
 pbtype_2019,crash_type_bicycle_name,STRING
 pbtype_2019,crash_location_pedestrian,STRING
 pbtype_2019,crash_location_pedestrian_name,STRING
 pbtype_2019,crash_location_bicycle,STRING
 pbtype_2019,crash_location_bicycle_name,STRING
 pbtype_2019,pedestrian_position,STRING
 pbtype_2019,pedestrian_position_name,STRING
 pbtype_2019,bicyclist_position,STRING
 pbtype_2019,bicyclist_position_name,STRING
 pbtype_2019,pedestrian_initial_direction_of_travel,STRING
 pbtype_2019,pedestrian_initial_direction_of_travel_name,STRING
 pbtype_2019,bicyclist_initial_direction_of_travel,STRING
 pbtype_2019,bicyclist_initial_direction_of_travel_name,STRING
 pbtype_2019,motorist_initial_direction_of_travel,STRING
 pbtype_2019,motorist_initial_direction_of_travel_name,STRING
 pbtype_2019,motorist_maneuver,STRING
 pbtype_2019,motorist_maneuver_name,STRING
 pbtype_2019,intersection_leg,STRING
 pbtype_2019,intersection_leg_name,STRING
 pbtype_2019,pedestrian_scenario,STRING
 pbtype_2019,pedestrian_scenario_name,STRING
 pbtype_2019,crash_group_pedestrian,INTEGER
 pbtype_2019,crash_group_pedestrian_name,STRING
 pbtype_2019,crash_group_bicycle,INTEGER
 pbtype_2019,crash_group_bicycle_name,STRING
 pbtype_2020,state_number,INTEGER
 pbtype_2020,state_name,STRING
 pbtype_2020,consecutive_number,INTEGER
 pbtype_2020,vehicle_number,INTEGER
 pbtype_2020,person_number,INTEGER
 pbtype_2020,person_type,INTEGER
 pbtype_2020,person_type_name,STRING
 pbtype_2020,age,INTEGER
 pbtype_2020,age_name,STRING
 pbtype_2020,sex,STRING
 pbtype_2020,sex_name,STRING
 pbtype_2020,marked_crosswalk_present,STRING
 pbtype_2020,marked_crosswalk_present_name,STRING
 pbtype_2020,sidewalk_present,STRING
 pbtype_2020,sidewalk_present_name,STRING
 pbtype_2020,school_zone,STRING
 pbtype_2020,school_zone_name,STRING
 pbtype_2020,crash_type_pedestrian,INTEGER
 pbtype_2020,crash_type_pedestrian_name,STRING
 pbtype_2020,crash_type_bicycle,INTEGER
 pbtype_2020,crash_type_bicycle_name,STRING
 pbtype_2020,crash_location_pedestrian,STRING
 pbtype_2020,crash_location_pedestrian_name,STRING
 pbtype_2020,crash_location_bicycle,STRING
 pbtype_2020,crash_location_bicycle_name,STRING
 pbtype_2020,pedestrian_position,STRING
 pbtype_2020,pedestrian_position_name,STRING
 pbtype_2020,bicyclist_position,STRING
 pbtype_2020,bicyclist_position_name,STRING
 pbtype_2020,pedestrian_initial_direction_of_travel,STRING
 pbtype_2020,pedestrian_initial_direction_of_travel_name,STRING
 pbtype_2020,bicyclist_initial_direction_of_travel,STRING
 pbtype_2020,bicyclist_initial_direction_of_travel_name,STRING
 pbtype_2020,motorist_initial_direction_of_travel,STRING
 pbtype_2020,motorist_initial_direction_of_travel_name,STRING
 pbtype_2020,motorist_maneuver,STRING
 pbtype_2020,motorist_maneuver_name,STRING
 pbtype_2020,intersection_leg,STRING
 pbtype_2020,intersection_leg_name,STRING
 pbtype_2020,pedestrian_scenario,STRING
 pbtype_2020,pedestrian_scenario_name,STRING
 pbtype_2020,crash_group_pedestrian,INTEGER
 pbtype_2020,crash_group_pedestrian_name,STRING
 pbtype_2020,crash_group_bicycle,INTEGER
 pbtype_2020,crash_group_bicycle_name,STRING
 safetyeq_2015,state_number,INTEGER
 safetyeq_2015,state_name,STRING
 safetyeq_2015,consecutive_number,INTEGER
 safetyeq_2015,vehicle_number,INTEGER
 safetyeq_2015,person_number,INTEGER
 safetyeq_2015,non_motorist_safety_equipment_use,STRING
 safetyeq_2015,non_motorist_safety_equipment_use_name,STRING
 safetyeq_2016,state_number,INTEGER
 safetyeq_2016,state_name,STRING
 safetyeq_2016,consecutive_number,INTEGER
 safetyeq_2016,vehicle_number,INTEGER
 safetyeq_2016,person_number,INTEGER
 safetyeq_2016,non_motorist_safety_equipment_use,STRING
 safetyeq_2016,non_motorist_safety_equipment_use_name,STRING
 safetyeq_2017,state_number,INTEGER
 safetyeq_2017,state_name,STRING
 safetyeq_2017,consecutive_number,INTEGER
 safetyeq_2017,vehicle_number,INTEGER
 safetyeq_2017,person_number,INTEGER
 safetyeq_2017,nm_helmet,STRING
 safetyeq_2017,nm_helmet_name,STRING
 safetyeq_2017,nm_propad,STRING
 safetyeq_2017,nm_propad_name,STRING
 safetyeq_2017,nm_othpro,STRING
 safetyeq_2017,nm_othpro_name,STRING
 safetyeq_2017,nm_refclo,STRING
 safetyeq_2017,nm_refclo_name,STRING
 safetyeq_2017,nm_light,STRING
 safetyeq_2017,nm_light_name,STRING
 safetyeq_2017,nm_othpre,STRING
 safetyeq_2017,nm_othpre_name,STRING
 safetyeq_2018,state_number,INTEGER
 safetyeq_2018,state_name,STRING
 safetyeq_2018,consecutive_number,INTEGER
 safetyeq_2018,vehicle_number,INTEGER
 safetyeq_2018,person_number,INTEGER
 safetyeq_2018,nm_helmet,STRING
 safetyeq_2018,nm_helmet_name,STRING
 safetyeq_2018,nm_propad,STRING
 safetyeq_2018,nm_propad_name,STRING
 safetyeq_2018,nm_othpro,STRING
 safetyeq_2018,nm_othpro_name,STRING
 safetyeq_2018,nm_refclo,STRING
 safetyeq_2018,nm_refclo_name,STRING
 safetyeq_2018,nm_light,STRING
 safetyeq_2018,nm_light_name,STRING
 safetyeq_2018,nm_othpre,STRING
 safetyeq_2018,nm_othpre_name,STRING
 safetyeq_2019,state_number,INTEGER
 safetyeq_2019,state_name,STRING
 safetyeq_2019,consecutive_number,INTEGER
 safetyeq_2019,vehicle_number,INTEGER
 safetyeq_2019,person_number,INTEGER
 safetyeq_2019,nm_helmet,STRING
 safetyeq_2019,nm_helmet_name,STRING
 safetyeq_2019,nm_propad,STRING
 safetyeq_2019,nm_propad_name,STRING
 safetyeq_2019,nm_othpro,STRING
 safetyeq_2019,nm_othpro_name,STRING
 safetyeq_2019,nm_refclo,STRING
 safetyeq_2019,nm_refclo_name,STRING
 safetyeq_2019,nm_light,STRING
 safetyeq_2019,nm_light_name,STRING
 safetyeq_2019,nm_othpre,STRING
 safetyeq_2019,nm_othpre_name,STRING
 safetyeq_2020,state_number,INTEGER
 safetyeq_2020,state_name,STRING
 safetyeq_2020,consecutive_number,INTEGER
 safetyeq_2020,vehicle_number,INTEGER
 safetyeq_2020,person_number,INTEGER
 safetyeq_2020,nm_helmet,STRING
 safetyeq_2020,nm_helmet_name,STRING
 safetyeq_2020,nm_propad,STRING
 safetyeq_2020,nm_propad_name,STRING
 safetyeq_2020,nm_othpro,STRING
 safetyeq_2020,nm_othpro_name,STRING
 safetyeq_2020,nm_refclo,STRING
 safetyeq_2020,nm_refclo_name,STRING
 safetyeq_2020,nm_light,STRING
 safetyeq_2020,nm_light_name,STRING
 safetyeq_2020,nm_othpre,STRING
 safetyeq_2020,nm_othpre_name,STRING
 vevent_2015,state_number,INTEGER
 vevent_2015,state_name,STRING
 vevent_2015,consecutive_number,INTEGER
 vevent_2015,event_number,INTEGER
 vevent_2015,vehicle_number,INTEGER
 vevent_2015,vehicle_event_number,STRING
 vevent_2015,vehicle_number_this_vehicle,INTEGER
 vevent_2015,area_of_impact_this_vehicle,INTEGER
 vevent_2015,area_of_impact_this_vehicle_name,STRING
 vevent_2015,sequence_of_events,INTEGER
 vevent_2015,sequence_of_events_name,STRING
 vevent_2015,vehicle_number_other_vehicle,INTEGER
 vevent_2015,vehicle_number_other_vehicle_name,STRING
 vevent_2015,area_of_impact_other_vehicle,INTEGER
 vevent_2015,area_of_impact_other_vehicle_name,STRING
 vevent_2016,state_number,INTEGER
 vevent_2016,state_name,STRING
 vevent_2016,consecutive_number,INTEGER
 vevent_2016,event_number,INTEGER
 vevent_2016,vehicle_number,INTEGER
 vevent_2016,vehicle_event_number,STRING
 vevent_2016,vehicle_number_this_vehicle,INTEGER
 vevent_2016,area_of_impact_this_vehicle,INTEGER
 vevent_2016,area_of_impact_this_vehicle_name,STRING
 vevent_2016,sequence_of_events,INTEGER
 vevent_2016,sequence_of_events_name,STRING
 vevent_2016,vehicle_number_other_vehicle,INTEGER
 vevent_2016,vehicle_number_other_vehicle_name,STRING
 vevent_2016,area_of_impact_other_vehicle,INTEGER
 vevent_2016,area_of_impact_other_vehicle_name,STRING
 vevent_2017,state_number,INTEGER
 vevent_2017,state_name,STRING
 vevent_2017,consecutive_number,INTEGER
 vevent_2017,event_number,INTEGER
 vevent_2017,vehicle_number,INTEGER
 vevent_2017,vehicle_event_number,STRING
 vevent_2017,vehicle_number_this_vehicle,INTEGER
 vevent_2017,area_of_impact_this_vehicle,INTEGER
 vevent_2017,area_of_impact_this_vehicle_name,STRING
 vevent_2017,sequence_of_events,INTEGER
 vevent_2017,sequence_of_events_name,STRING
 vevent_2017,vehicle_number_other_vehicle,INTEGER
 vevent_2017,vehicle_number_other_vehicle_name,STRING
 vevent_2017,area_of_impact_other_vehicle,INTEGER
 vevent_2017,area_of_impact_other_vehicle_name,STRING
 vevent_2018,state_number,INTEGER
 vevent_2018,state_name,STRING
 vevent_2018,consecutive_number,INTEGER
 vevent_2018,event_number,INTEGER
 vevent_2018,vehicle_number,INTEGER
 vevent_2018,vehicle_event_number,STRING
 vevent_2018,vehicle_number_this_vehicle,INTEGER
 vevent_2018,area_of_impact_this_vehicle,INTEGER
 vevent_2018,area_of_impact_this_vehicle_name,STRING
 vevent_2018,sequence_of_events,INTEGER
 vevent_2018,sequence_of_events_name,STRING
 vevent_2018,vehicle_number_other_vehicle,INTEGER
 vevent_2018,vehicle_number_other_vehicle_name,STRING
 vevent_2018,area_of_impact_other_vehicle,INTEGER
 vevent_2018,area_of_impact_other_vehicle_name,STRING
 vevent_2019,state_number,INTEGER
 vevent_2019,state_name,STRING
 vevent_2019,consecutive_number,INTEGER
 vevent_2019,event_number,INTEGER
 vevent_2019,vehicle_number,INTEGER
 vevent_2019,vehicle_event_number,STRING
 vevent_2019,vehicle_number_this_vehicle,INTEGER
 vevent_2019,area_of_impact_this_vehicle,INTEGER
 vevent_2019,area_of_impact_this_vehicle_name,STRING
 vevent_2019,sequence_of_events,INTEGER
 vevent_2019,sequence_of_events_name,STRING
 vevent_2019,vehicle_number_other_vehicle,INTEGER
 vevent_2019,vehicle_number_other_vehicle_name,STRING
 vevent_2019,area_of_impact_other_vehicle,INTEGER
 vevent_2019,area_of_impact_other_vehicle_name,STRING
 vevent_2020,state_number,INTEGER
 vevent_2020,state_name,STRING
 vevent_2020,consecutive_number,INTEGER
 vevent_2020,event_number,INTEGER
 vevent_2020,vehicle_number,INTEGER
 vevent_2020,vehicle_event_number,STRING
 vevent_2020,vehicle_number_this_vehicle,INTEGER
 vevent_2020,area_of_impact_this_vehicle,INTEGER
 vevent_2020,area_of_impact_this_vehicle_name,STRING
 vevent_2020,sequence_of_events,INTEGER
 vevent_2020,sequence_of_events_name,STRING
 vevent_2020,vehicle_number_other_vehicle,INTEGER
 vevent_2020,vehicle_number_other_vehicle_name,STRING
 vevent_2020,area_of_impact_other_vehicle,INTEGER
 vevent_2020,area_of_impact_other_vehicle_name,STRING
 vindecode_2015,state_number,INTEGER
 vindecode_2015,state_name,STRING
 vindecode_2015,consecutive_number,INTEGER
 vindecode_2015,vehicle_number,INTEGER
 vindecode_2015,vehicle_make,STRING
 vindecode_2015,marketing_year,INTEGER
 vindecode_2015,vehicle_type_code,STRING
 vindecode_2015,vehicle_type,STRING
 vindecode_2015,make_name,STRING
 vindecode_2015,model_code,STRING
 vindecode_2015,vehicle_trim,STRING
 vindecode_2015,vehicle_trim_1,STRING
 vindecode_2015,vehicle_trim_2,STRING
 vindecode_2015,vehicle_trim_3,STRING
 vindecode_2015,vehicle_trim_4,STRING
 vindecode_2015,body_style_code,STRING
 vindecode_2015,body_style,STRING
 vindecode_2015,num_of_doors,INTEGER
 vindecode_2015,number_of_wheels,INTEGER
 vindecode_2015,num_of_wheels_by_power_train,INTEGER
 vindecode_2015,vehicle_manufacturer_code,STRING
 vindecode_2015,vehicle_manufacturer_name,STRING
 vindecode_2015,displacement_cid,INTEGER
 vindecode_2015,displacement_cc,INTEGER
 vindecode_2015,cylinder_count_code,STRING
 vindecode_2015,cycle_count,INTEGER
 vindecode_2015,fuel_code,STRING
 vindecode_2015,fuel,STRING
 vindecode_2015,type_of_fuel_code,STRING
 vindecode_2015,type_of_fuel,STRING
 vindecode_2015,carburetion_types_code,STRING
 vindecode_2015,carburetion_types,STRING
 vindecode_2015,num_of_barrels,STRING
 vindecode_2015,gross_vehicle_weights_range_code,INTEGER
 vindecode_2015,gross_vehicle_weights_range,STRING
 vindecode_2015,distance_between_axles_for_base_model,FLOAT
 vindecode_2015,distance_between_axles_for_particular_series,STRING
 vindecode_2015,front_tire,INTEGER
 vindecode_2015,front_tire_pressure,INTEGER
 vindecode_2015,front_tire_size_code,STRING
 vindecode_2015,front_tire_size,STRING
 vindecode_2015,rear_tire,INTEGER
 vindecode_2015,rear_tire_pressure,INTEGER
 vindecode_2015,rear_tire_size_code,STRING
 vindecode_2015,rear_tire_size,STRING
 vindecode_2015,tonnage_rating,STRING
 vindecode_2015,shipping_weight,STRING
 vindecode_2015,base_price,STRING
 vindecode_2015,drive_type_1,STRING
 vindecode_2015,drive_type_2,STRING
 vindecode_2015,country_sold_code,STRING
 vindecode_2015,country_sold,STRING
 vindecode_2015,brakes_abs_code,STRING
 vindecode_2015,brakes_abs_description,STRING
 vindecode_2015,security_type_code,STRING
 vindecode_2015,security_type,STRING
 vindecode_2015,daytime_running_lights_1,STRING
 vindecode_2015,daytime_running_lights_2,STRING
 vindecode_2015,restraint_type_code,STRING
 vindecode_2015,restraint_type,STRING
 vindecode_2015,cab_configuration_code,STRING
 vindecode_2015,cab_configuration,STRING
 vindecode_2015,axle_type_front_axle_code,STRING
 vindecode_2015,axle_type_front_axle,STRING
 vindecode_2015,axle_type_rear_axle_code,STRING
 vindecode_2015,axle_type_rear_axle,STRING
 vindecode_2015,brake_type_code,STRING
 vindecode_2015,brake_type,STRING
 vindecode_2015,engine_manufacture_code,STRING
 vindecode_2015,engine_manufacture,STRING
 vindecode_2015,engine_model,STRING
 vindecode_2015,duty_type_code,STRING
 vindecode_2015,duty_type,STRING
 vindecode_2015,bed_length_code,STRING
 vindecode_2015,bed_length,STRING
 vindecode_2015,standard_segmentation_code,STRING
 vindecode_2015,standard_segmentation,STRING
 vindecode_2015,plant_code,STRING
 vindecode_2015,plant_country,STRING
 vindecode_2015,plant_city,STRING
 vindecode_2015,plant_country_code,STRING
 vindecode_2015,plant_state_code,STRING
 vindecode_2015,plant_state,STRING
 vindecode_2015,origin_code,STRING
 vindecode_2015,origin,STRING
 vindecode_2015,displacement_liters,FLOAT
 vindecode_2015,block_type,STRING
 vindecode_2015,head_configuration_1,STRING
 vindecode_2015,head_configuration_2,STRING
 vindecode_2015,valves_per_cylinder,INTEGER
 vindecode_2015,valves_total,INTEGER
 vindecode_2015,engine_code,STRING
 vindecode_2015,is_incomplete,STRING
 vindecode_2015,battery_type_code,STRING
 vindecode_2015,battery_type,STRING
 vindecode_2015,total_battery_power,STRING
 vindecode_2015,battery_voltage,STRING
 vindecode_2015,supercharge_flag,STRING
 vindecode_2015,supercharge_flag_description,STRING
 vindecode_2015,turbocharger_flag,STRING
 vindecode_2015,turbocharger_flag_description,STRING
 vindecode_2015,variable_valve_timing_flag,STRING
 vindecode_2015,motorcycles_body_style_code,STRING
 vindecode_2015,motorcycles_body_style,STRING
 violatn_2015,state_number,INTEGER
 violatn_2015,state_name,STRING
 violatn_2015,consecutive_number,INTEGER
 violatn_2015,vehicle_number,INTEGER
 violatn_2015,violations_charged,STRING
 violatn_2015,violations_charged_name,STRING
 violatn_2016,state_number,INTEGER
 violatn_2016,state_name,STRING
 violatn_2016,consecutive_number,INTEGER
 violatn_2016,vehicle_number,INTEGER
 violatn_2016,violations_charged,STRING
 violatn_2016,violations_charged_name,STRING
 violatn_2017,state_number,INTEGER
 violatn_2017,state_name,STRING
 violatn_2017,consecutive_number,INTEGER
 violatn_2017,vehicle_number,INTEGER
 violatn_2017,violations_charged,STRING
 violatn_2017,violations_charged_name,STRING
 violatn_2018,state_number,INTEGER
 violatn_2018,state_name,STRING
 violatn_2018,consecutive_number,INTEGER
 violatn_2018,vehicle_number,INTEGER
 violatn_2018,violations_charged,STRING
 violatn_2018,violations_charged_name,STRING
 violatn_2019,state_number,INTEGER
 violatn_2019,state_name,STRING
 violatn_2019,consecutive_number,INTEGER
 violatn_2019,vehicle_number,INTEGER
 violatn_2019,violations_charged,STRING
 violatn_2019,violations_charged_name,STRING
 violatn_2020,state_number,INTEGER
 violatn_2020,state_name,STRING
 violatn_2020,consecutive_number,INTEGER
 violatn_2020,vehicle_number,INTEGER
 violatn_2020,violations_charged,STRING
 violatn_2020,violations_charged_name,STRING
 vision_2015,state_number,INTEGER
 vision_2015,state_name,STRING
 vision_2015,consecutive_number,INTEGER
 vision_2015,vehicle_number,INTEGER
 vision_2015,drivers_vision_obscured_by,INTEGER
 vision_2015,drivers_vision_obscured_by_name,STRING
 vision_2016,state_number,INTEGER
 vision_2016,state_name,STRING
 vision_2016,consecutive_number,INTEGER
 vision_2016,vehicle_number,INTEGER
 vision_2016,drivers_vision_obscured_by,INTEGER
 vision_2016,drivers_vision_obscured_by_name,STRING
 vision_2017,state_number,INTEGER
 vision_2017,state_name,STRING
 vision_2017,consecutive_number,INTEGER
 vision_2017,vehicle_number,INTEGER
 vision_2017,drivers_vision_obscured_by,INTEGER
 vision_2017,drivers_vision_obscured_by_name,STRING
 vision_2018,state_number,INTEGER
 vision_2018,state_name,STRING
 vision_2018,consecutive_number,INTEGER
 vision_2018,vehicle_number,INTEGER
 vision_2018,drivers_vision_obscured_by,INTEGER
 vision_2018,drivers_vision_obscured_by_name,STRING
 vision_2019,state_number,INTEGER
 vision_2019,state_name,STRING
 vision_2019,consecutive_number,INTEGER
 vision_2019,vehicle_number,INTEGER
 vision_2019,drivers_vision_obscured_by,INTEGER
 vision_2019,drivers_vision_obscured_by_name,STRING
 vision_2020,state_number,INTEGER
 vision_2020,state_name,STRING
 vision_2020,consecutive_number,INTEGER
 vision_2020,vehicle_number,INTEGER
 vision_2020,drivers_vision_obscured_by,INTEGER
 vision_2020,drivers_vision_obscured_by_name,STRING
 vsoe_2015,state_number,INTEGER
 vsoe_2015,state_name,STRING
 vsoe_2015,consecutive_number,INTEGER
 vsoe_2015,vehicle_number,INTEGER
 vsoe_2015,vehicle_event_number,INTEGER
 vsoe_2015,sequence_of_events,INTEGER
 vsoe_2015,sequence_of_events_name,STRING
 vsoe_2015,area_of_Impact_associated_with_the_event,INTEGER
 vsoe_2015,area_of_Impact_associated_with_the_event_name,STRING
 vsoe_2016,state_number,INTEGER
 vsoe_2016,state_name,STRING
 vsoe_2016,consecutive_number,INTEGER
 vsoe_2016,vehicle_number,INTEGER
 vsoe_2016,vehicle_event_number,INTEGER
 vsoe_2016,sequence_of_events,INTEGER
 vsoe_2016,sequence_of_events_name,STRING
 vsoe_2016,area_of_Impact_associated_with_the_event,INTEGER
 vsoe_2016,area_of_Impact_associated_with_the_event_name,STRING
 vsoe_2017,state_number,INTEGER
 vsoe_2017,state_name,STRING
 vsoe_2017,consecutive_number,INTEGER
 vsoe_2017,vehicle_number,INTEGER
 vsoe_2017,vehicle_event_number,INTEGER
 vsoe_2017,sequence_of_events,INTEGER
 vsoe_2017,sequence_of_events_name,STRING
 vsoe_2017,area_of_Impact_associated_with_the_event,INTEGER
 vsoe_2017,area_of_Impact_associated_with_the_event_name,STRING
 vsoe_2018,state_number,INTEGER
 vsoe_2018,state_name,STRING
 vsoe_2018,consecutive_number,INTEGER
 vsoe_2018,vehicle_number,INTEGER
 vsoe_2018,vehicle_event_number,INTEGER
 vsoe_2018,sequence_of_events,INTEGER
 vsoe_2018,sequence_of_events_name,STRING
 vsoe_2018,area_of_Impact_associated_with_the_event,INTEGER
 vsoe_2018,area_of_Impact_associated_with_the_event_name,STRING
 vsoe_2019,state_number,INTEGER
 vsoe_2019,state_name,STRING
 vsoe_2019,consecutive_number,INTEGER
 vsoe_2019,vehicle_number,INTEGER
 vsoe_2019,vehicle_event_number,INTEGER
 vsoe_2019,sequence_of_events,INTEGER
 vsoe_2019,sequence_of_events_name,STRING
 vsoe_2019,area_of_Impact_associated_with_the_event,INTEGER
 vsoe_2019,area_of_Impact_associated_with_the_event_name,STRING
 vsoe_2020,state_number,INTEGER
 vsoe_2020,state_name,STRING
 vsoe_2020,consecutive_number,INTEGER
 vsoe_2020,vehicle_number,INTEGER
 vsoe_2020,vehicle_event_number,INTEGER
 vsoe_2020,sequence_of_events,INTEGER
 vsoe_2020,sequence_of_events_name,STRING
 vsoe_2020,area_of_Impact_associated_with_the_event,INTEGER
 vsoe_2020,area_of_Impact_associated_with_the_event_name,STRING
